left,width,density
2.028790853901175917e-02,2.204425528357974728e-01,1.010041854094679170e+00
2.407304613748092181e-01,2.204425528357974728e-01,6.910813234793128368e-01
4.611730142106066910e-01,2.204426977644403651e-01,5.670409433162070245e-01
6.816157119750470006e-01,2.204425528357974728e-01,4.252807074871552406e-01
9.020582648108445012e-01,2.204426977644403651e-01,3.721204452385752925e-01
1.122500962575284866e+00,2.204426977644403651e-01,2.835204716581035123e-01
1.342943660339725342e+00,2.204425528357974728e-01,2.480804127008405524e-01
1.563386213175522732e+00,2.204425528357974728e-01,2.303602094095235364e-01
1.783828766011320122e+00,2.204428426930832574e-01,1.772002947863146882e-01
2.004271608704403462e+00,2.204425528357974728e-01,1.772002947863146882e-01
2.224714161540200852e+00,2.204425528357974728e-01,1.240400325377347401e-01
2.445156714375998241e+00,2.204425528357974728e-01,8.859997358047179417e-02
2.665599267211795631e+00,2.204428426930832574e-01,7.088011791452587806e-02
2.886042109904879194e+00,2.204425528357974728e-01,1.771985566594592304e-02
3.106484662740676583e+00,2.204425528357974728e-01,1.771985566594592304e-02
3.326927215576473973e+00,2.204425528357974728e-01,0.000000000000000000e+00
3.547369768412271362e+00,2.204431325503690142e-01,0.000000000000000000e+00
3.767812900962640654e+00,2.204422629785116883e-01,0.000000000000000000e+00
3.988255163941152315e+00,2.204428426930832574e-01,0.000000000000000000e+00
4.208698006634235433e+00,2.204428426930832574e-01,0.000000000000000000e+00
4.429140849327318996e+00,2.204422629785116883e-01,0.000000000000000000e+00
4.649583112305830213e+00,2.204428426930832574e-01,0.000000000000000000e+00
4.870025954998913775e+00,2.204422629785116883e-01,1.771985566594592304e-02
5.090468217977424992e+00,2.204428426930832574e-01,0.000000000000000000e+00
5.310911060670508554e+00,2.204428426930832574e-01,0.000000000000000000e+00
5.531353903363592117e+00,2.204422629785116883e-01,0.000000000000000000e+00
5.751796166342103334e+00,2.204428426930832574e-01,0.000000000000000000e+00
5.972239009035186896e+00,2.204428426930832574e-01,0.000000000000000000e+00
6.192681851728269571e+00,2.204422629785116883e-01,0.000000000000000000e+00
6.413124114706781675e+00,2.204428426930832574e-01,0.000000000000000000e+00
6.633566957399865238e+00,2.204422629785116883e-01,0.000000000000000000e+00
6.854009220378376455e+00,2.204428426930832574e-01,0.000000000000000000e+00
7.074452063071460017e+00,2.204428426930832574e-01,0.000000000000000000e+00
7.294894905764542692e+00,2.204422629785116883e-01,0.000000000000000000e+00
7.515337168743054796e+00,2.204428426930832574e-01,1.771985566594592304e-02
