dataset,seed,method,q,tau,alpha,beta,gamma,config_id,status,validation_ba
rice,42,Corr_raw,3,0.2,0.1,,,Corr_raw|3|0.2|0.1|None|None,selected,0.3736842105263158
rice,42,Corr_white,7,0.7,0.2,0.4,,Corr_white|7|0.7|0.2|0.4|None,selected,0.6052631578947368
rice,123,Corr_raw,41,0.5,0.3,,,Corr_raw|41|0.5|0.3|None|None,selected,0.3526315789473683
rice,123,Corr_white,11,0.7,0.2,0.2,,Corr_white|11|0.7|0.2|0.2|None,selected,0.5894736842105263
rice,456,Corr_raw,41,0.4,0.1,,,Corr_raw|41|0.4|0.1|None|None,selected,0.3842105263157894
rice,456,Corr_white,31,0.7,0.1,0.3,,Corr_white|31|0.7|0.1|0.3|None,selected,0.6157894736842107
rice,789,Corr_raw,31,0.4,0.3,,,Corr_raw|31|0.4|0.3|None|None,selected,0.3631578947368421
rice,789,Corr_white,15,0.7,0.2,0.2,,Corr_white|15|0.7|0.2|0.2|None,selected,0.5421052631578946
rice,2022,Corr_raw,9,0.2,0.2,,,Corr_raw|9|0.2|0.2|None|None,selected,0.3578947368421052
rice,2022,Corr_white,41,0.6,0.2,0.3,,Corr_white|41|0.6|0.2|0.3|None,selected,0.5894736842105263
rice,31415,Corr_raw,41,0.1,0.2,,,Corr_raw|41|0.1|0.2|None|None,selected,0.3789473684210526
rice,31415,Corr_white,9,0.7,0.2,0.1,,Corr_white|9|0.7|0.2|0.1|None,selected,0.5894736842105263
rice,27182,Corr_raw,41,0.5,0.3,,,Corr_raw|41|0.5|0.3|None|None,selected,0.3894736842105262
rice,27182,Corr_white,21,0.7,0.2,0.3,,Corr_white|21|0.7|0.2|0.3|None,selected,0.6
rice,8675309,Corr_raw,5,0.2,0.1,,,Corr_raw|5|0.2|0.1|None|None,selected,0.3684210526315789
rice,8675309,Corr_white,41,0.7,0.2,0.3,,Corr_white|41|0.7|0.2|0.3|None,selected,0.5842105263157895
rice,104729,Corr_raw,21,0.4,0.5,,,Corr_raw|21|0.4|0.5|None|None,selected,0.363157894736842
rice,104729,Corr_white,11,0.7,0.2,0.3,,Corr_white|11|0.7|0.2|0.3|None,selected,0.5736842105263158
rice,99991,Corr_raw,9,0.5,0.2,,,Corr_raw|9|0.5|0.2|None|None,selected,0.3789473684210526
rice,99991,Corr_white,11,0.7,0.2,0.4,,Corr_white|11|0.7|0.2|0.4|None,selected,0.5789473684210527
corn,42,Corr_raw,21,0.7,0.1,,,Corr_raw|21|0.7|0.1|None|None,selected,0.5032894736842105
corn,42,Corr_white,3,0.1,0.2,0.1,,Corr_white|3|0.1|0.2|0.1|None,selected,0.8683114035087721
corn,123,Corr_raw,21,0.7,0.1,,,Corr_raw|21|0.7|0.1|None|None,selected,0.4947368421052631
corn,123,Corr_white,5,0.1,0.2,0.1,,Corr_white|5|0.1|0.2|0.1|None,selected,0.874342105263158
corn,456,Corr_raw,41,0.7,0.1,,,Corr_raw|41|0.7|0.1|None|None,selected,0.5059210526315789
corn,456,Corr_white,1,0.2,0.3,0.2,,Corr_white|1|0.2|0.3|0.2|None,selected,0.8662280701754387
corn,789,Corr_raw,31,0.7,0.1,,,Corr_raw|31|0.7|0.1|None|None,selected,0.4657894736842105
corn,789,Corr_white,1,0.1,0.3,0.4,,Corr_white|1|0.1|0.3|0.4|None,selected,0.8598684210526316
corn,2022,Corr_raw,41,0.7,0.1,,,Corr_raw|41|0.7|0.1|None|None,selected,0.4971491228070175
corn,2022,Corr_white,7,0.1,0.5,0.4,,Corr_white|7|0.1|0.5|0.4|None,selected,0.8580043859649122
corn,31415,Corr_raw,41,0.7,0.2,,,Corr_raw|41|0.7|0.2|None|None,selected,0.4860745614035087
corn,31415,Corr_white,5,0.1,0.1,0.3,,Corr_white|5|0.1|0.1|0.3|None,selected,0.8870614035087718
corn,27182,Corr_raw,31,0.7,0.1,,,Corr_raw|31|0.7|0.1|None|None,selected,0.4841008771929824
corn,27182,Corr_white,1,0.1,0.1,0.4,,Corr_white|1|0.1|0.1|0.4|None,selected,0.8560307017543861
corn,8675309,Corr_raw,41,0.7,0.1,,,Corr_raw|41|0.7|0.1|None|None,selected,0.4928728070175439
corn,8675309,Corr_white,7,0.1,0.4,0.1,,Corr_white|7|0.1|0.4|0.1|None,selected,0.8576754385964911
corn,104729,Corr_raw,41,0.7,0.2,,,Corr_raw|41|0.7|0.2|None|None,selected,0.5031798245614035
corn,104729,Corr_white,3,0.1,0.3,0.3,,Corr_white|3|0.1|0.3|0.3|None,selected,0.8618421052631579
corn,99991,Corr_raw,31,0.7,0.1,,,Corr_raw|31|0.7|0.1|None|None,selected,0.5239035087719298
corn,99991,Corr_white,5,0.2,0.1,0.3,,Corr_white|5|0.2|0.1|0.3|None,selected,0.8557017543859647
wheat,42,Corr_raw,41,0.6,0.2,,,Corr_raw|41|0.6|0.2|None|None,selected,0.5148880724538619
wheat,42,Corr_white,1,0.1,0.2,0.1,,Corr_white|1|0.1|0.2|0.1|None,selected,0.9754784688995216
wheat,123,Corr_raw,21,0.5,0.4,,,Corr_raw|21|0.5|0.4|None|None,selected,0.5682245386192755
wheat,123,Corr_white,1,0.1,0.2,0.2,,Corr_white|1|0.1|0.2|0.2|None,selected,0.9770377648667122
wheat,456,Corr_raw,41,0.6,0.3,,,Corr_raw|41|0.6|0.3|None|None,selected,0.4981630211893369
wheat,456,Corr_white,1,0.1,0.1,0.2,,Corr_white|1|0.1|0.1|0.2|None,selected,0.9786611414900888
wheat,789,Corr_raw,15,0.5,0.3,,,Corr_raw|15|0.5|0.3|None|None,selected,0.5035671565276828
wheat,789,Corr_white,1,0.2,0.1,0.1,,Corr_white|1|0.2|0.1|0.1|None,selected,0.9804553998632948
wheat,2022,Corr_raw,41,0.6,0.2,,,Corr_raw|41|0.6|0.2|None|None,selected,0.5208262132604238
wheat,2022,Corr_white,1,0.3,0.1,0.1,,Corr_white|1|0.3|0.1|0.1|None,selected,0.9706083390293916
wheat,31415,Corr_raw,41,0.5,0.1,,,Corr_raw|41|0.5|0.1|None|None,selected,0.5067284688995215
wheat,31415,Corr_white,3,0.1,0.1,0.4,,Corr_white|3|0.1|0.1|0.4|None,selected,0.9690063226247436
wheat,27182,Corr_raw,21,0.5,0.1,,,Corr_raw|21|0.5|0.1|None|None,selected,0.5158065618591934
wheat,27182,Corr_white,1,0.1,0.1,0.1,,Corr_white|1|0.1|0.1|0.1|None,selected,0.9656954887218046
wheat,8675309,Corr_raw,31,0.5,0.4,,,Corr_raw|31|0.5|0.4|None|None,selected,0.5428699589883801
wheat,8675309,Corr_white,1,0.1,0.1,0.2,,Corr_white|1|0.1|0.1|0.2|None,selected,0.9885509227614492
wheat,104729,Corr_raw,41,0.5,0.4,,,Corr_raw|41|0.5|0.4|None|None,selected,0.5404348940533151
wheat,104729,Corr_white,1,0.2,0.2,0.1,,Corr_white|1|0.2|0.2|0.1|None,selected,0.9689422419685576
wheat,99991,Corr_raw,15,0.5,0.1,,,Corr_raw|15|0.5|0.1|None|None,selected,0.5264012303485988
wheat,99991,Corr_white,1,0.1,0.2,0.1,,Corr_white|1|0.1|0.2|0.1|None,selected,0.9722957963089542
capgmyo,42,Corr_raw,9,0.7,0.1,,,Corr_raw|9|0.7|0.1|None|None,selected,0.9097222222222222
capgmyo,42,Corr_white,3,0.7,0.1,0.1,,Corr_white|3|0.7|0.1|0.1|None,selected,0.9618055555555556
capgmyo,123,Corr_raw,41,0.7,0.2,,,Corr_raw|41|0.7|0.2|None|None,selected,0.8888888888888888
capgmyo,123,Corr_white,7,0.7,0.1,0.1,,Corr_white|7|0.7|0.1|0.1|None,selected,0.9409722222222222
capgmyo,456,Corr_raw,1,0.7,0.1,,,Corr_raw|1|0.7|0.1|None|None,selected,0.8888888888888888
capgmyo,456,Corr_white,31,0.7,0.2,0.1,,Corr_white|31|0.7|0.2|0.1|None,selected,0.9513888888888888
capgmyo,789,Corr_raw,3,0.7,0.1,,,Corr_raw|3|0.7|0.1|None|None,selected,0.8958333333333334
capgmyo,789,Corr_white,5,0.7,0.1,0.4,,Corr_white|5|0.7|0.1|0.4|None,selected,0.9722222222222222
capgmyo,2022,Corr_raw,41,0.7,0.1,,,Corr_raw|41|0.7|0.1|None|None,selected,0.8993055555555556
capgmyo,2022,Corr_white,5,0.7,0.2,0.2,,Corr_white|5|0.7|0.2|0.2|None,selected,0.9652777777777778
capgmyo,31415,Corr_raw,5,0.7,0.2,,,Corr_raw|5|0.7|0.2|None|None,selected,0.9027777777777778
capgmyo,31415,Corr_white,3,0.7,0.2,0.4,,Corr_white|3|0.7|0.2|0.4|None,selected,0.9375
capgmyo,27182,Corr_raw,5,0.6,0.2,,,Corr_raw|5|0.6|0.2|None|None,selected,0.90625
capgmyo,27182,Corr_white,3,0.7,0.2,0.2,,Corr_white|3|0.7|0.2|0.2|None,selected,0.9618055555555556
capgmyo,8675309,Corr_raw,5,0.7,0.2,,,Corr_raw|5|0.7|0.2|None|None,selected,0.8888888888888888
capgmyo,8675309,Corr_white,41,0.7,0.1,0.3,,Corr_white|41|0.7|0.1|0.3|None,selected,0.9444444444444444
capgmyo,104729,Corr_raw,7,0.7,0.2,,,Corr_raw|7|0.7|0.2|None|None,selected,0.9270833333333334
capgmyo,104729,Corr_white,7,0.7,0.1,0.4,,Corr_white|7|0.7|0.1|0.4|None,selected,0.9479166666666666
capgmyo,99991,Corr_raw,5,0.7,0.2,,,Corr_raw|5|0.7|0.2|None|None,selected,0.9097222222222222
capgmyo,99991,Corr_white,7,0.7,0.1,0.3,,Corr_white|7|0.7|0.1|0.3|None,selected,0.9479166666666666
flex,42,Corr_raw,1,0.7,0.2,,,Corr_raw|1|0.7|0.2|None|None,selected,0.9115384615384616
flex,42,Corr_white,5,0.7,0.1,0.4,,Corr_white|5|0.7|0.1|0.4|None,selected,0.946153846153846
flex,123,Corr_raw,5,0.7,0.2,,,Corr_raw|5|0.7|0.2|None|None,selected,0.9153846153846156
flex,123,Corr_white,3,0.6,0.2,0.3,,Corr_white|3|0.6|0.2|0.3|None,selected,0.9423076923076922
flex,456,Corr_raw,1,0.7,0.1,,,Corr_raw|1|0.7|0.1|None|None,selected,0.9153846153846156
flex,456,Corr_white,3,0.7,0.1,0.1,,Corr_white|3|0.7|0.1|0.1|None,selected,0.946153846153846
flex,789,Corr_raw,5,0.7,0.1,,,Corr_raw|5|0.7|0.1|None|None,selected,0.9000000000000001
flex,789,Corr_white,3,0.7,0.1,0.2,,Corr_white|3|0.7|0.1|0.2|None,selected,0.95
flex,2022,Corr_raw,5,0.7,0.1,,,Corr_raw|5|0.7|0.1|None|None,selected,0.8999999999999998
flex,2022,Corr_white,1,0.7,0.2,0.3,,Corr_white|1|0.7|0.2|0.3|None,selected,0.9423076923076924
flex,31415,Corr_raw,5,0.6,0.3,,,Corr_raw|5|0.6|0.3|None|None,selected,0.9115384615384614
flex,31415,Corr_white,3,0.6,0.3,0.3,,Corr_white|3|0.6|0.3|0.3|None,selected,0.9653846153846152
flex,27182,Corr_raw,1,0.7,0.1,,,Corr_raw|1|0.7|0.1|None|None,selected,0.9192307692307692
flex,27182,Corr_white,3,0.7,0.1,0.1,,Corr_white|3|0.7|0.1|0.1|None,selected,0.9384615384615383
flex,8675309,Corr_raw,3,0.7,0.1,,,Corr_raw|3|0.7|0.1|None|None,selected,0.8999999999999999
flex,8675309,Corr_white,3,0.7,0.2,0.4,,Corr_white|3|0.7|0.2|0.4|None,selected,0.946153846153846
flex,104729,Corr_raw,3,0.7,0.1,,,Corr_raw|3|0.7|0.1|None|None,selected,0.9307692307692308
flex,104729,Corr_white,3,0.7,0.1,0.4,,Corr_white|3|0.7|0.1|0.4|None,selected,0.9384615384615383
flex,99991,Corr_raw,1,0.7,0.2,,,Corr_raw|1|0.7|0.2|None|None,selected,0.9153846153846156
flex,99991,Corr_white,1,0.7,0.2,0.4,,Corr_white|1|0.7|0.2|0.4|None,selected,0.9346153846153844
hyser,42,Corr_raw,3,0.6,0.3,,,Corr_raw|3|0.6|0.3|None|None,selected,0.9467468805704098
hyser,42,Corr_white,1,0.6,0.1,0.4,,Corr_white|1|0.6|0.1|0.4|None,selected,0.9645276292335112
hyser,123,Corr_raw,1,0.6,0.3,,,Corr_raw|1|0.6|0.3|None|None,selected,0.9439839572192512
hyser,123,Corr_white,3,0.6,0.2,0.3,,Corr_white|3|0.6|0.2|0.3|None,selected,0.9660873440285204
hyser,456,Corr_raw,1,0.6,0.3,,,Corr_raw|1|0.6|0.3|None|None,selected,0.93801247771836
hyser,456,Corr_white,3,0.7,0.1,0.4,,Corr_white|3|0.7|0.1|0.4|None,selected,0.9630570409982177
hyser,789,Corr_raw,5,0.6,0.1,,,Corr_raw|5|0.6|0.1|None|None,selected,0.9481729055258464
hyser,789,Corr_white,1,0.6,0.2,0.4,,Corr_white|1|0.6|0.2|0.4|None,selected,0.9630124777183596
hyser,2022,Corr_raw,1,0.6,0.3,,,Corr_raw|1|0.6|0.3|None|None,selected,0.9319964349376112
hyser,2022,Corr_white,3,0.6,0.1,0.4,,Corr_white|3|0.6|0.1|0.4|None,selected,0.9572192513368982
hyser,31415,Corr_raw,3,0.6,0.2,,,Corr_raw|3|0.6|0.2|None|None,selected,0.9437611408199642
hyser,31415,Corr_white,1,0.6,0.2,0.4,,Corr_white|1|0.6|0.2|0.4|None,selected,0.9615418894830656
hyser,27182,Corr_raw,3,0.6,0.2,,,Corr_raw|3|0.6|0.2|None|None,selected,0.9438948306595364
hyser,27182,Corr_white,1,0.7,0.2,0.1,,Corr_white|1|0.7|0.2|0.1|None,selected,0.9673796791443848
hyser,8675309,Corr_raw,1,0.6,0.3,,,Corr_raw|1|0.6|0.3|None|None,selected,0.9468360071301246
hyser,8675309,Corr_white,3,0.6,0.2,0.4,,Corr_white|3|0.6|0.2|0.4|None,selected,0.96301247771836
hyser,104729,Corr_raw,3,0.6,0.1,,,Corr_raw|3|0.6|0.1|None|None,selected,0.9379233511586448
hyser,104729,Corr_white,1,0.6,0.1,0.1,,Corr_white|1|0.6|0.1|0.1|None,selected,0.9646167557932264
hyser,99991,Corr_raw,1,0.6,0.1,,,Corr_raw|1|0.6|0.1|None|None,selected,0.9379233511586452
hyser,99991,Corr_white,1,0.5,0.1,0.4,,Corr_white|1|0.5|0.1|0.4|None,selected,0.951158645276292
rice,42,Naive_raw,41,,,,0.2,Naive_raw|41|None|None|None|0.2,selected,0.2842105263157894
rice,42,Naive_white,15,,,,0.3,Naive_white|15|None|None|None|0.3,selected,0.5157894736842106
rice,123,Naive_raw,41,,,,0.2,Naive_raw|41|None|None|None|0.2,selected,0.2894736842105263
rice,123,Naive_white,5,,,,0.2,Naive_white|5|None|None|None|0.2,selected,0.4421052631578946
rice,456,Naive_raw,11,,,,0.2,Naive_raw|11|None|None|None|0.2,selected,0.2894736842105262
rice,456,Naive_white,5,,,,0.4,Naive_white|5|None|None|None|0.4,selected,0.4684210526315789
rice,789,Naive_raw,11,,,,0.1,Naive_raw|11|None|None|None|0.1,selected,0.2842105263157894
rice,789,Naive_white,15,,,,0.3,Naive_white|15|None|None|None|0.3,selected,0.5052631578947369
rice,2022,Naive_raw,7,,,,0.1,Naive_raw|7|None|None|None|0.1,selected,0.2947368421052631
rice,2022,Naive_white,11,,,,0.4,Naive_white|11|None|None|None|0.4,selected,0.5052631578947369
rice,31415,Naive_raw,7,,,,0.1,Naive_raw|7|None|None|None|0.1,selected,0.3157894736842105
rice,31415,Naive_white,15,,,,0.4,Naive_white|15|None|None|None|0.4,selected,0.4789473684210527
rice,27182,Naive_raw,21,,,,0.2,Naive_raw|21|None|None|None|0.2,selected,0.2947368421052631
rice,27182,Naive_white,11,,,,0.4,Naive_white|11|None|None|None|0.4,selected,0.5
rice,8675309,Naive_raw,9,,,,0.1,Naive_raw|9|None|None|None|0.1,selected,0.2999999999999999
rice,8675309,Naive_white,7,,,,0.1,Naive_white|7|None|None|None|0.1,selected,0.4789473684210525
rice,104729,Naive_raw,31,,,,0.2,Naive_raw|31|None|None|None|0.2,selected,0.2684210526315789
rice,104729,Naive_white,7,,,,0.4,Naive_white|7|None|None|None|0.4,selected,0.4789473684210525
rice,99991,Naive_raw,41,,,,0.2,Naive_raw|41|None|None|None|0.2,selected,0.2894736842105262
rice,99991,Naive_white,7,,,,0.1,Naive_white|7|None|None|None|0.1,selected,0.431578947368421
corn,42,Naive_raw,5,,,,0.1,Naive_raw|5|None|None|None|0.1,selected,0.6021929824561404
corn,42,Naive_white,9,,,,0.1,Naive_white|9|None|None|None|0.1,selected,0.5098684210526315
corn,123,Naive_raw,5,,,,0.1,Naive_raw|5|None|None|None|0.1,selected,0.6171052631578948
corn,123,Naive_white,1,,,,0.1,Naive_white|1|None|None|None|0.1,selected,0.5396929824561404
corn,456,Naive_raw,9,,,,0.1,Naive_raw|9|None|None|None|0.1,selected,0.581578947368421
corn,456,Naive_white,9,,,,0.1,Naive_white|9|None|None|None|0.1,selected,0.5461622807017544
corn,789,Naive_raw,11,,,,0.1,Naive_raw|11|None|None|None|0.1,selected,0.6019736842105263
corn,789,Naive_white,1,,,,0.2,Naive_white|1|None|None|None|0.2,selected,0.512828947368421
corn,2022,Naive_raw,5,,,,0.1,Naive_raw|5|None|None|None|0.1,selected,0.6020833333333334
corn,2022,Naive_white,15,,,,0.1,Naive_white|15|None|None|None|0.1,selected,0.5322368421052631
corn,31415,Naive_raw,7,,,,0.1,Naive_raw|7|None|None|None|0.1,selected,0.612609649122807
corn,31415,Naive_white,1,,,,0.4,Naive_white|1|None|None|None|0.4,selected,0.5335526315789473
corn,27182,Naive_raw,5,,,,0.1,Naive_raw|5|None|None|None|0.1,selected,0.6546052631578948
corn,27182,Naive_white,7,,,,0.1,Naive_white|7|None|None|None|0.1,selected,0.5474780701754386
corn,8675309,Naive_raw,1,,,,0.1,Naive_raw|1|None|None|None|0.1,selected,0.6004385964912281
corn,8675309,Naive_white,7,,,,0.2,Naive_white|7|None|None|None|0.2,selected,0.5313596491228071
corn,104729,Naive_raw,11,,,,0.1,Naive_raw|11|None|None|None|0.1,selected,0.6252192982456141
corn,104729,Naive_white,7,,,,0.1,Naive_white|7|None|None|None|0.1,selected,0.544078947368421
corn,99991,Naive_raw,3,,,,0.1,Naive_raw|3|None|None|None|0.1,selected,0.5856359649122806
corn,99991,Naive_white,9,,,,0.1,Naive_white|9|None|None|None|0.1,selected,0.5210526315789473
wheat,42,Naive_raw,5,,,,0.1,Naive_raw|5|None|None|None|0.1,selected,0.5989191729323309
wheat,42,Naive_white,1,,,,0.1,Naive_white|1|None|None|None|0.1,selected,0.7271872863978127
wheat,123,Naive_raw,5,,,,0.1,Naive_raw|5|None|None|None|0.1,selected,0.5983851674641147
wheat,123,Naive_white,3,,,,0.1,Naive_white|3|None|None|None|0.1,selected,0.7398111756664388
wheat,456,Naive_raw,1,,,,0.1,Naive_raw|1|None|None|None|0.1,selected,0.6210697197539303
wheat,456,Naive_white,1,,,,0.1,Naive_white|1|None|None|None|0.1,selected,0.7252007860560492
wheat,789,Naive_raw,3,,,,0.1,Naive_raw|3|None|None|None|0.1,selected,0.6205997949419002
wheat,789,Naive_white,5,,,,0.1,Naive_white|5|None|None|None|0.1,selected,0.6768412508544088
wheat,2022,Naive_raw,1,,,,0.1,Naive_raw|1|None|None|None|0.1,selected,0.5928101503759399
wheat,2022,Naive_white,1,,,,0.1,Naive_white|1|None|None|None|0.1,selected,0.7060406698564594
wheat,31415,Naive_raw,7,,,,0.1,Naive_raw|7|None|None|None|0.1,selected,0.5617096719070404
wheat,31415,Naive_white,5,,,,0.1,Naive_white|5|None|None|None|0.1,selected,0.7030715994531784
wheat,27182,Naive_raw,7,,,,0.1,Naive_raw|7|None|None|None|0.1,selected,0.5795027341079972
wheat,27182,Naive_white,5,,,,0.1,Naive_white|5|None|None|None|0.1,selected,0.7186004784688995
wheat,8675309,Naive_raw,1,,,,0.1,Naive_raw|1|None|None|None|0.1,selected,0.6033407382091592
wheat,8675309,Naive_white,3,,,,0.1,Naive_white|3|None|None|None|0.1,selected,0.7174043062200957
wheat,104729,Naive_raw,1,,,,0.1,Naive_raw|1|None|None|None|0.1,selected,0.6168403964456596
wheat,104729,Naive_white,1,,,,0.1,Naive_white|1|None|None|None|0.1,selected,0.704630895420369
wheat,99991,Naive_raw,5,,,,0.1,Naive_raw|5|None|None|None|0.1,selected,0.5776443950786057
wheat,99991,Naive_white,11,,,,0.3,Naive_white|11|None|None|None|0.3,selected,0.6848513328776487
capgmyo,42,Naive_raw,1,,,,0.1,Naive_raw|1|None|None|None|0.1,selected,0.125
capgmyo,42,Naive_white,1,,,,0.1,Naive_white|1|None|None|None|0.1,selected,0.8506944444444444
capgmyo,123,Naive_raw,1,,,,0.1,Naive_raw|1|None|None|None|0.1,selected,0.125
capgmyo,123,Naive_white,3,,,,0.4,Naive_white|3|None|None|None|0.4,selected,0.8472222222222222
capgmyo,456,Naive_raw,1,,,,0.1,Naive_raw|1|None|None|None|0.1,selected,0.125
capgmyo,456,Naive_white,1,,,,0.3,Naive_white|1|None|None|None|0.3,selected,0.8263888888888888
capgmyo,789,Naive_raw,1,,,,0.1,Naive_raw|1|None|None|None|0.1,selected,0.125
capgmyo,789,Naive_white,1,,,,0.1,Naive_white|1|None|None|None|0.1,selected,0.8715277777777778
capgmyo,2022,Naive_raw,1,,,,0.1,Naive_raw|1|None|None|None|0.1,selected,0.125
capgmyo,2022,Naive_white,1,,,,0.2,Naive_white|1|None|None|None|0.2,selected,0.8472222222222222
capgmyo,31415,Naive_raw,1,,,,0.1,Naive_raw|1|None|None|None|0.1,selected,0.125
capgmyo,31415,Naive_white,1,,,,0.3,Naive_white|1|None|None|None|0.3,selected,0.8541666666666666
capgmyo,27182,Naive_raw,1,,,,0.1,Naive_raw|1|None|None|None|0.1,selected,0.125
capgmyo,27182,Naive_white,1,,,,0.2,Naive_white|1|None|None|None|0.2,selected,0.8506944444444444
capgmyo,8675309,Naive_raw,1,,,,0.1,Naive_raw|1|None|None|None|0.1,selected,0.125
capgmyo,8675309,Naive_white,1,,,,0.3,Naive_white|1|None|None|None|0.3,selected,0.8680555555555556
capgmyo,104729,Naive_raw,1,,,,0.1,Naive_raw|1|None|None|None|0.1,selected,0.125
capgmyo,104729,Naive_white,3,,,,0.4,Naive_white|3|None|None|None|0.4,selected,0.8194444444444444
capgmyo,99991,Naive_raw,1,,,,0.1,Naive_raw|1|None|None|None|0.1,selected,0.125
capgmyo,99991,Naive_white,1,,,,0.1,Naive_white|1|None|None|None|0.1,selected,0.8263888888888888
flex,42,Naive_raw,7,,,,0.1,Naive_raw|7|None|None|None|0.1,selected,0.573076923076923
flex,42,Naive_white,1,,,,0.4,Naive_white|1|None|None|None|0.4,selected,0.8461538461538461
flex,123,Naive_raw,1,,,,0.2,Naive_raw|1|None|None|None|0.2,selected,0.5923076923076923
flex,123,Naive_white,1,,,,0.3,Naive_white|1|None|None|None|0.3,selected,0.8423076923076922
flex,456,Naive_raw,3,,,,0.2,Naive_raw|3|None|None|None|0.2,selected,0.5538461538461539
flex,456,Naive_white,3,,,,0.4,Naive_white|3|None|None|None|0.4,selected,0.8269230769230771
flex,789,Naive_raw,7,,,,0.1,Naive_raw|7|None|None|None|0.1,selected,0.5846153846153845
flex,789,Naive_white,1,,,,0.4,Naive_white|1|None|None|None|0.4,selected,0.8153846153846154
flex,2022,Naive_raw,3,,,,0.1,Naive_raw|3|None|None|None|0.1,selected,0.5692307692307692
flex,2022,Naive_white,1,,,,0.2,Naive_white|1|None|None|None|0.2,selected,0.8346153846153845
flex,31415,Naive_raw,3,,,,0.1,Naive_raw|3|None|None|None|0.1,selected,0.5807692307692307
flex,31415,Naive_white,1,,,,0.4,Naive_white|1|None|None|None|0.4,selected,0.8346153846153848
flex,27182,Naive_raw,1,,,,0.2,Naive_raw|1|None|None|None|0.2,selected,0.6076923076923078
flex,27182,Naive_white,1,,,,0.4,Naive_white|1|None|None|None|0.4,selected,0.8192307692307692
flex,8675309,Naive_raw,11,,,,0.1,Naive_raw|11|None|None|None|0.1,selected,0.5769230769230769
flex,8675309,Naive_white,1,,,,0.1,Naive_white|1|None|None|None|0.1,selected,0.8192307692307691
flex,104729,Naive_raw,11,,,,0.1,Naive_raw|11|None|None|None|0.1,selected,0.6038461538461537
flex,104729,Naive_white,1,,,,0.3,Naive_white|1|None|None|None|0.3,selected,0.823076923076923
flex,99991,Naive_raw,3,,,,0.1,Naive_raw|3|None|None|None|0.1,selected,0.5846153846153846
flex,99991,Naive_white,3,,,,0.4,Naive_white|3|None|None|None|0.4,selected,0.8423076923076924
hyser,42,Naive_raw,1,,,,0.4,Naive_raw|1|None|None|None|0.4,selected,0.2937165775401069
hyser,42,Naive_white,1,,,,0.4,Naive_white|1|None|None|None|0.4,selected,0.9040998217468804
hyser,123,Naive_raw,1,,,,0.4,Naive_raw|1|None|None|None|0.4,selected,0.2802584670231729
hyser,123,Naive_white,1,,,,0.4,Naive_white|1|None|None|None|0.4,selected,0.9068627450980392
hyser,456,Naive_raw,1,,,,0.4,Naive_raw|1|None|None|None|0.4,selected,0.278698752228164
hyser,456,Naive_white,1,,,,0.4,Naive_white|1|None|None|None|0.4,selected,0.8803030303030303
hyser,789,Naive_raw,1,,,,0.4,Naive_raw|1|None|None|None|0.4,selected,0.2892156862745098
hyser,789,Naive_white,1,,,,0.4,Naive_white|1|None|None|None|0.4,selected,0.8861853832442067
hyser,2022,Naive_raw,1,,,,0.4,Naive_raw|1|None|None|None|0.4,selected,0.2700089126559714
hyser,2022,Naive_white,1,,,,0.4,Naive_white|1|None|None|None|0.4,selected,0.8864081996434937
hyser,31415,Naive_raw,1,,,,0.4,Naive_raw|1|None|None|None|0.4,selected,0.259536541889483
hyser,31415,Naive_white,1,,,,0.3,Naive_white|1|None|None|None|0.3,selected,0.8968360071301248
hyser,27182,Naive_raw,1,,,,0.4,Naive_raw|1|None|None|None|0.4,selected,0.2935383244206773
hyser,27182,Naive_white,1,,,,0.4,Naive_white|1|None|None|None|0.4,selected,0.8996434937611406
hyser,8675309,Naive_raw,1,,,,0.4,Naive_raw|1|None|None|None|0.4,selected,0.2833778966131907
hyser,8675309,Naive_white,1,,,,0.4,Naive_white|1|None|None|None|0.4,selected,0.9051247771836004
hyser,104729,Naive_raw,1,,,,0.4,Naive_raw|1|None|None|None|0.4,selected,0.3113190730837789
hyser,104729,Naive_white,1,,,,0.3,Naive_white|1|None|None|None|0.3,selected,0.8936720142602497
hyser,99991,Naive_raw,1,,,,0.4,Naive_raw|1|None|None|None|0.4,selected,0.2774955436720142
hyser,99991,Naive_white,1,,,,0.3,Naive_white|1|None|None|None|0.3,selected,0.8817736185383243
rice,42,AI_PCA,9,,,,,AI_PCA|9|None|None|None|None,selected,0.2210526315789473
rice,42,LE_PCA,31,,,,,LE_PCA|31|None|None|None|None,selected,0.2105263157894736
rice,123,AI_PCA,15,,,,,AI_PCA|15|None|None|None|None,selected,0.231578947368421
rice,123,LE_PCA,21,,,,,LE_PCA|21|None|None|None|None,selected,0.2368421052631578
rice,456,AI_PCA,21,,,,,AI_PCA|21|None|None|None|None,selected,0.2473684210526316
rice,456,LE_PCA,31,,,,,LE_PCA|31|None|None|None|None,selected,0.2421052631578946
rice,789,AI_PCA,31,,,,,AI_PCA|31|None|None|None|None,selected,0.2210526315789473
rice,789,LE_PCA,31,,,,,LE_PCA|31|None|None|None|None,selected,0.2052631578947368
rice,2022,AI_PCA,11,,,,,AI_PCA|11|None|None|None|None,selected,0.2052631578947368
rice,2022,LE_PCA,15,,,,,LE_PCA|15|None|None|None|None,selected,0.2210526315789473
rice,31415,AI_PCA,11,,,,,AI_PCA|11|None|None|None|None,selected,0.2473684210526315
rice,31415,LE_PCA,31,,,,,LE_PCA|31|None|None|None|None,selected,0.2631578947368421
rice,27182,AI_PCA,41,,,,,AI_PCA|41|None|None|None|None,selected,0.2421052631578947
rice,27182,LE_PCA,41,,,,,LE_PCA|41|None|None|None|None,selected,0.2421052631578947
rice,8675309,AI_PCA,15,,,,,AI_PCA|15|None|None|None|None,selected,0.2368421052631578
rice,8675309,LE_PCA,15,,,,,LE_PCA|15|None|None|None|None,selected,0.2631578947368421
rice,104729,AI_PCA,31,,,,,AI_PCA|31|None|None|None|None,selected,0.2210526315789473
rice,104729,LE_PCA,41,,,,,LE_PCA|41|None|None|None|None,selected,0.2263157894736842
rice,99991,AI_PCA,21,,,,,AI_PCA|21|None|None|None|None,selected,0.2263157894736842
rice,99991,LE_PCA,31,,,,,LE_PCA|31|None|None|None|None,selected,0.2263157894736842
corn,42,AI_PCA,21,,,,,AI_PCA|21|None|None|None|None,selected,0.6828947368421052
corn,42,LE_PCA,9,,,,,LE_PCA|9|None|None|None|None,selected,0.6387061403508771
corn,123,AI_PCA,21,,,,,AI_PCA|21|None|None|None|None,selected,0.6347587719298246
corn,123,LE_PCA,21,,,,,LE_PCA|21|None|None|None|None,selected,0.5993421052631579
corn,456,AI_PCA,9,,,,,AI_PCA|9|None|None|None|None,selected,0.6411184210526315
corn,456,LE_PCA,7,,,,,LE_PCA|7|None|None|None|None,selected,0.5927631578947369
corn,789,AI_PCA,15,,,,,AI_PCA|15|None|None|None|None,selected,0.6701754385964912
corn,789,LE_PCA,21,,,,,LE_PCA|21|None|None|None|None,selected,0.6035087719298246
corn,2022,AI_PCA,11,,,,,AI_PCA|11|None|None|None|None,selected,0.6580043859649122
corn,2022,LE_PCA,15,,,,,LE_PCA|15|None|None|None|None,selected,0.6101973684210527
corn,31415,AI_PCA,41,,,,,AI_PCA|41|None|None|None|None,selected,0.6247807017543859
corn,31415,LE_PCA,9,,,,,LE_PCA|9|None|None|None|None,selected,0.5915570175438596
corn,27182,AI_PCA,15,,,,,AI_PCA|15|None|None|None|None,selected,0.6662280701754385
corn,27182,LE_PCA,31,,,,,LE_PCA|31|None|None|None|None,selected,0.6081140350877193
corn,8675309,AI_PCA,11,,,,,AI_PCA|11|None|None|None|None,selected,0.6849780701754385
corn,8675309,LE_PCA,9,,,,,LE_PCA|9|None|None|None|None,selected,0.6267543859649124
corn,104729,AI_PCA,15,,,,,AI_PCA|15|None|None|None|None,selected,0.6767543859649123
corn,104729,LE_PCA,11,,,,,LE_PCA|11|None|None|None|None,selected,0.6184210526315789
corn,99991,AI_PCA,15,,,,,AI_PCA|15|None|None|None|None,selected,0.6787280701754385
corn,99991,LE_PCA,15,,,,,LE_PCA|15|None|None|None|None,selected,0.6184210526315789
wheat,42,AI_PCA,41,,,,,AI_PCA|41|None|None|None|None,selected,0.6011406356801093
wheat,42,LE_PCA,31,,,,,LE_PCA|31|None|None|None|None,selected,0.6010551948051948
wheat,123,AI_PCA,15,,,,,AI_PCA|15|None|None|None|None,selected,0.5457322282980178
wheat,123,LE_PCA,41,,,,,LE_PCA|41|None|None|None|None,selected,0.5392173615857826
wheat,456,AI_PCA,9,,,,,AI_PCA|9|None|None|None|None,selected,0.5504314764183185
wheat,456,LE_PCA,31,,,,,LE_PCA|31|None|None|None|None,selected,0.5556006493506493
wheat,789,AI_PCA,15,,,,,AI_PCA|15|None|None|None|None,selected,0.5670924470266575
wheat,789,LE_PCA,11,,,,,LE_PCA|11|None|None|None|None,selected,0.5376794258373205
wheat,2022,AI_PCA,41,,,,,AI_PCA|41|None|None|None|None,selected,0.5230903964456596
wheat,2022,LE_PCA,21,,,,,LE_PCA|21|None|None|None|None,selected,0.5197154818865346
wheat,31415,AI_PCA,21,,,,,AI_PCA|21|None|None|None|None,selected,0.5736927546138073
wheat,31415,LE_PCA,41,,,,,LE_PCA|41|None|None|None|None,selected,0.5686731032125769
wheat,27182,AI_PCA,5,,,,,AI_PCA|5|None|None|None|None,selected,0.5458603896103896
wheat,27182,LE_PCA,11,,,,,LE_PCA|11|None|None|None|None,selected,0.5260808270676691
wheat,8675309,AI_PCA,31,,,,,AI_PCA|31|None|None|None|None,selected,0.5553016062884484
wheat,8675309,LE_PCA,21,,,,,LE_PCA|21|None|None|None|None,selected,0.555387047163363
wheat,104729,AI_PCA,11,,,,,AI_PCA|11|None|None|None|None,selected,0.5520121326042379
wheat,104729,LE_PCA,21,,,,,LE_PCA|21|None|None|None|None,selected,0.5424427546138072
wheat,99991,AI_PCA,31,,,,,AI_PCA|31|None|None|None|None,selected,0.5634184894053315
wheat,99991,LE_PCA,41,,,,,LE_PCA|41|None|None|None|None,selected,0.5487653793574847
capgmyo,42,AI_PCA,3,,,,,AI_PCA|3|None|None|None|None,selected,0.9097222222222222
capgmyo,42,LE_PCA,1,,,,,LE_PCA|1|None|None|None|None,selected,0.9131944444444444
capgmyo,123,AI_PCA,7,,,,,AI_PCA|7|None|None|None|None,selected,0.9131944444444444
capgmyo,123,LE_PCA,1,,,,,LE_PCA|1|None|None|None|None,selected,0.9027777777777778
capgmyo,456,AI_PCA,3,,,,,AI_PCA|3|None|None|None|None,selected,0.9166666666666666
capgmyo,456,LE_PCA,3,,,,,LE_PCA|3|None|None|None|None,selected,0.9375
capgmyo,789,AI_PCA,1,,,,,AI_PCA|1|None|None|None|None,selected,0.9201388888888888
capgmyo,789,LE_PCA,3,,,,,LE_PCA|3|None|None|None|None,selected,0.9236111111111112
capgmyo,2022,AI_PCA,5,,,,,AI_PCA|5|None|None|None|None,selected,0.9409722222222222
capgmyo,2022,LE_PCA,5,,,,,LE_PCA|5|None|None|None|None,selected,0.9479166666666666
capgmyo,31415,AI_PCA,5,,,,,AI_PCA|5|None|None|None|None,selected,0.9270833333333334
capgmyo,31415,LE_PCA,3,,,,,LE_PCA|3|None|None|None|None,selected,0.9236111111111112
capgmyo,27182,AI_PCA,1,,,,,AI_PCA|1|None|None|None|None,selected,0.9166666666666666
capgmyo,27182,LE_PCA,1,,,,,LE_PCA|1|None|None|None|None,selected,0.9201388888888888
capgmyo,8675309,AI_PCA,1,,,,,AI_PCA|1|None|None|None|None,selected,0.9340277777777778
capgmyo,8675309,LE_PCA,3,,,,,LE_PCA|3|None|None|None|None,selected,0.9270833333333334
capgmyo,104729,AI_PCA,5,,,,,AI_PCA|5|None|None|None|None,selected,0.9375
capgmyo,104729,LE_PCA,3,,,,,LE_PCA|3|None|None|None|None,selected,0.9479166666666666
capgmyo,99991,AI_PCA,5,,,,,AI_PCA|5|None|None|None|None,selected,0.90625
capgmyo,99991,LE_PCA,5,,,,,LE_PCA|5|None|None|None|None,selected,0.90625
flex,42,AI_PCA,3,,,,,AI_PCA|3|None|None|None|None,selected,0.9076923076923076
flex,42,LE_PCA,1,,,,,LE_PCA|1|None|None|None|None,selected,0.8923076923076922
flex,123,AI_PCA,5,,,,,AI_PCA|5|None|None|None|None,selected,0.9153846153846152
flex,123,LE_PCA,5,,,,,LE_PCA|5|None|None|None|None,selected,0.9115384615384616
flex,456,AI_PCA,3,,,,,AI_PCA|3|None|None|None|None,selected,0.9346153846153846
flex,456,LE_PCA,3,,,,,LE_PCA|3|None|None|None|None,selected,0.9307692307692308
flex,789,AI_PCA,1,,,,,AI_PCA|1|None|None|None|None,selected,0.9153846153846156
flex,789,LE_PCA,1,,,,,LE_PCA|1|None|None|None|None,selected,0.903846153846154
flex,2022,AI_PCA,1,,,,,AI_PCA|1|None|None|None|None,selected,0.8769230769230771
flex,2022,LE_PCA,1,,,,,LE_PCA|1|None|None|None|None,selected,0.8730769230769232
flex,31415,AI_PCA,3,,,,,AI_PCA|3|None|None|None|None,selected,0.9269230769230768
flex,31415,LE_PCA,1,,,,,LE_PCA|1|None|None|None|None,selected,0.8923076923076922
flex,27182,AI_PCA,3,,,,,AI_PCA|3|None|None|None|None,selected,0.9153846153846152
flex,27182,LE_PCA,1,,,,,LE_PCA|1|None|None|None|None,selected,0.9000000000000001
flex,8675309,AI_PCA,1,,,,,AI_PCA|1|None|None|None|None,selected,0.8999999999999999
flex,8675309,LE_PCA,1,,,,,LE_PCA|1|None|None|None|None,selected,0.8923076923076925
flex,104729,AI_PCA,3,,,,,AI_PCA|3|None|None|None|None,selected,0.9192307692307692
flex,104729,LE_PCA,1,,,,,LE_PCA|1|None|None|None|None,selected,0.9192307692307692
flex,99991,AI_PCA,1,,,,,AI_PCA|1|None|None|None|None,selected,0.9269230769230768
flex,99991,LE_PCA,1,,,,,LE_PCA|1|None|None|None|None,selected,0.9192307692307692
hyser,42,AI_PCA,1,,,,,AI_PCA|1|None|None|None|None,selected,0.9364081996434936
hyser,42,LE_PCA,1,,,,,LE_PCA|1|None|None|None|None,selected,0.9289215686274508
hyser,123,AI_PCA,1,,,,,AI_PCA|1|None|None|None|None,selected,0.9259358288770052
hyser,123,LE_PCA,1,,,,,LE_PCA|1|None|None|None|None,selected,0.9155525846702316
hyser,456,AI_PCA,1,,,,,AI_PCA|1|None|None|None|None,selected,0.9124777183600712
hyser,456,LE_PCA,1,,,,,LE_PCA|1|None|None|None|None,selected,0.8991978609625667
hyser,789,AI_PCA,1,,,,,AI_PCA|1|None|None|None|None,selected,0.921524064171123
hyser,789,LE_PCA,1,,,,,LE_PCA|1|None|None|None|None,selected,0.8993315508021388
hyser,2022,AI_PCA,1,,,,,AI_PCA|1|None|None|None|None,selected,0.9052584670231728
hyser,2022,LE_PCA,1,,,,,LE_PCA|1|None|None|None|None,selected,0.8815953654188948
hyser,31415,AI_PCA,1,,,,,AI_PCA|1|None|None|None|None,selected,0.9083778966131908
hyser,31415,LE_PCA,1,,,,,LE_PCA|1|None|None|None|None,selected,0.8950089126559716
hyser,27182,AI_PCA,1,,,,,AI_PCA|1|None|None|None|None,selected,0.9172014260249552
hyser,27182,LE_PCA,1,,,,,LE_PCA|1|None|None|None|None,selected,0.8935383244206774
hyser,8675309,AI_PCA,1,,,,,AI_PCA|1|None|None|None|None,selected,0.9183600713012476
hyser,8675309,LE_PCA,1,,,,,LE_PCA|1|None|None|None|None,selected,0.9125222816399284
hyser,104729,AI_PCA,1,,,,,AI_PCA|1|None|None|None|None,selected,0.925891265597148
hyser,104729,LE_PCA,1,,,,,LE_PCA|1|None|None|None|None,selected,0.8990641711229944
hyser,99991,AI_PCA,1,,,,,AI_PCA|1|None|None|None|None,selected,0.914260249554367
hyser,99991,LE_PCA,1,,,,,LE_PCA|1|None|None|None|None,selected,0.8979946524064172
