p,repetition,seed,method,true_distance,mean_distance,signed_error,mae,mse,pairs,n,train_per_class,n_pool,rank_mp_mean,rank_naive_mean,both_mp_rank_correct_fraction,mae_when_both_mp_rank_correct,rank_mismatch_fraction,whitening_error,test_per_class,oracle_rank
32,0,9236101,grassmann_corrigee_mp,0.3624233067286206,1.125502527691424,0.7630792209628032,0.7986732432462155,0.91987521473682,32,320,4,5120,0.6875,10.75,0.375,0.1158402090271314,0.625,1.7418948743207906e-14,,
32,0,9236101,grassmann_naive_rang_naif,0.3624233067286206,3.486798346042633,3.1243750393140126,3.1243750393140126,9.799036620242056,32,320,4,5120,0.6875,10.75,0.375,3.097879860773465,0.625,1.7418948743207906e-14,,
32,0,9236101,grassmann_oracle_empirical,0.3624233067286184,0.4734211451141163,0.1109978383854979,0.245419556383597,0.0857698743127207,32,320,4,5120,,,,,,,4.0,1.0
32,1,9236101,grassmann_corrigee_mp,0.3624233067286206,0.9511088957078756,0.5886855889792548,0.6939562617675864,0.7533516259876327,32,320,4,5120,0.75,10.25,0.5,0.1795394597575068,0.5,2.3589211202488383e-14,,
32,1,9236101,grassmann_naive_rang_naif,0.3624233067286206,3.499311089515686,3.1368877827870656,3.1368877827870656,9.858821211788529,32,320,4,5120,0.75,10.25,0.5,3.1208257615315724,0.5,2.3589211202488383e-14,,
32,1,9236101,grassmann_oracle_empirical,0.3624233067286184,0.3663595798425376,0.0039362731139192,0.141773897871969,0.0305163921607999,32,320,4,5120,,,,,,,4.0,1.0
32,2,9236101,grassmann_corrigee_mp,0.3624233067286206,0.8537845085375011,0.4913612018088804,0.5912094634848004,0.588690786623417,32,320,4,5120,0.8125,10.625,0.625,0.2209113033090811,0.375,1.91435513162998e-14,,
32,2,9236101,grassmann_naive_rang_naif,0.3624233067286206,3.4933781027793884,3.130954796050768,3.130954796050768,9.832464865239103,32,320,4,5120,0.8125,10.625,0.625,3.146575742934923,0.375,1.91435513162998e-14,,
32,2,9236101,grassmann_oracle_empirical,0.3624233067286184,0.3143767747096717,-0.0480465320189466,0.2412493352809569,0.0730582360522537,32,320,4,5120,,,,,,,4.0,1.0
32,3,9236101,grassmann_corrigee_mp,0.3624233067286206,1.1133116376586258,0.7508883309300052,0.7891649435133379,0.916369821533146,32,320,4,5120,0.6875,10.625,0.375,0.0904847430727911,0.625,1.7204886207597714e-14,,
32,3,9236101,grassmann_naive_rang_naif,0.3624233067286206,3.5100541338324547,3.1476308271038342,3.1476308271038342,9.935767181480752,32,320,4,5120,0.6875,10.625,0.375,3.13895924287516,0.625,1.7204886207597714e-14,,
32,3,9236101,grassmann_oracle_empirical,0.3624233067286184,0.3627740875817835,0.0003507808531651,0.1482122278787951,0.0356050950581507,32,320,4,5120,,,,,,,4.0,1.0
32,4,9236101,grassmann_corrigee_mp,0.3624233067286206,1.140099985525012,0.7776766787963914,0.803669868761807,0.9212912697563668,32,320,4,5120,0.6875,10.4375,0.375,0.1291645437353753,0.625,1.8141016014523086e-14,,
32,4,9236101,grassmann_naive_rang_naif,0.3624233067286206,3.485468789935112,3.123045483206492,3.123045483206492,9.780558804099933,32,320,4,5120,0.6875,10.4375,0.375,3.1708348134902926,0.625,1.8141016014523086e-14,,
32,4,9236101,grassmann_oracle_empirical,0.3624233067286184,0.3410786925815046,-0.0213446141471138,0.1674656965691543,0.0414159686732939,32,320,4,5120,,,,,,,4.0,1.0
32,5,9236101,grassmann_corrigee_mp,0.3624233067286206,0.9433058386202902,0.5808825318916695,0.6899581557464491,0.7515061768139295,32,320,4,5120,0.75,10.6875,0.5,0.1715432477152323,0.5,1.5646732748408294e-14,,
32,5,9236101,grassmann_naive_rang_naif,0.3624233067286206,3.4966054931283,3.13418218639968,3.13418218639968,9.845913449937326,32,320,4,5120,0.75,10.6875,0.5,3.109040090416651,0.5,1.5646732748408294e-14,,
32,5,9236101,grassmann_oracle_empirical,0.3624233067286184,0.2893804104533046,-0.0730428962753137,0.2286073295896521,0.0699646173396205,32,320,4,5120,,,,,,,4.0,1.0
32,6,9236101,grassmann_corrigee_mp,0.3624233067286206,0.7829067799029872,0.4204834731743665,0.5431283840117158,0.56690081369006,32,320,4,5120,0.8125,10.75,0.625,0.1439815761521458,0.375,1.6262787763192802e-14,,
32,6,9236101,grassmann_naive_rang_naif,0.3624233067286206,3.498769536614418,3.1363462298857976,3.1363462298857976,9.862426168484,32,320,4,5120,0.8125,10.75,0.625,3.116856127952318,0.375,1.6262787763192802e-14,,
32,6,9236101,grassmann_oracle_empirical,0.3624233067286184,0.3355473130941391,-0.0268759936344792,0.1603377204404036,0.0426855600779508,32,320,4,5120,,,,,,,4.0,1.0
32,7,9236101,grassmann_corrigee_mp,0.3624233067286206,0.833039085729979,0.4706157790013583,0.5520978624124369,0.5695724808850049,32,320,4,5120,0.8125,10.9375,0.625,0.1583327415932994,0.375,1.5602948339528937e-14,,
32,7,9236101,grassmann_naive_rang_naif,0.3624233067286206,3.506880111992359,3.1444568052637387,3.1444568052637387,9.910011942688604,32,320,4,5120,0.8125,10.9375,0.625,3.1453665435063645,0.375,1.5602948339528937e-14,,
32,7,9236101,grassmann_oracle_empirical,0.3624233067286184,0.4491801727563143,0.0867568660276958,0.1902456283491052,0.055239209396083,32,320,4,5120,,,,,,,4.0,1.0
32,8,9236101,grassmann_corrigee_mp,0.3624233067286206,0.7810959415510297,0.418672634822409,0.5354658825260352,0.5682564052984477,32,320,4,5120,0.8125,10.375,0.625,0.1317215737750568,0.375,1.9040256224560643e-14,,
32,8,9236101,grassmann_naive_rang_naif,0.3624233067286206,3.494298666715622,3.131875359987001,3.131875359987001,9.824008007813354,32,320,4,5120,0.8125,10.375,0.625,3.135138839458208,0.375,1.9040256224560643e-14,,
32,8,9236101,grassmann_oracle_empirical,0.3624233067286184,0.3490290360059589,-0.0133942707226594,0.2114503169929257,0.067410390957372,32,320,4,5120,,,,,,,4.0,1.0
32,9,9236101,grassmann_corrigee_mp,0.3624233067286206,0.8305820068344474,0.4681587001058267,0.572290462800179,0.5772923923126627,32,320,4,5120,0.8125,10.8125,0.625,0.1906409022136869,0.375,1.774643745287984e-14,,
32,9,9236101,grassmann_naive_rang_naif,0.3624233067286206,3.5009205266833305,3.13849721995471,3.13849721995471,9.872485277604495,32,320,4,5120,0.8125,10.8125,0.625,3.101738733028154,0.375,1.774643745287984e-14,,
32,9,9236101,grassmann_oracle_empirical,0.3624233067286184,0.3279535798355937,-0.0344697268930246,0.2232774225994944,0.0658341907073528,32,320,4,5120,,,,,,,4.0,1.0
32,10,9236101,grassmann_corrigee_mp,0.3624233067286206,1.0642426209524274,0.7018193142238067,0.8124782172884731,0.9250504160209888,32,320,4,5120,0.6875,10.8125,0.375,0.1526534731398185,0.625,1.8494669349465672e-14,,
32,10,9236101,grassmann_naive_rang_naif,0.3624233067286206,3.54628486931324,3.18386156258462,3.18386156258462,10.157410604188248,32,320,4,5120,0.6875,10.8125,0.375,3.180501216624956,0.625,1.8494669349465672e-14,,
32,10,9236101,grassmann_oracle_empirical,0.3624233067286184,0.1877114865928888,-0.1747118201357295,0.232582029711239,0.0747474888821564,32,320,4,5120,,,,,,,4.0,1.0
32,11,9236101,grassmann_corrigee_mp,0.3624233067286206,1.159934852970764,0.7975115462421434,0.8460955731832825,0.9374614659994116,32,320,4,5120,0.6875,10.75,0.375,0.2422997555259768,0.625,2.0848386486031584e-14,,
32,11,9236101,grassmann_naive_rang_naif,0.3624233067286206,3.566962778568268,3.2045394718396474,3.2045394718396474,10.294063720151584,32,320,4,5120,0.6875,10.75,0.375,3.2529603580383264,0.625,2.0848386486031584e-14,,
32,11,9236101,grassmann_oracle_empirical,0.3624233067286184,0.3906858554109931,0.0282625486823747,0.2097629399923203,0.0565309604075695,32,320,4,5120,,,,,,,4.0,1.0
32,12,9236101,grassmann_corrigee_mp,0.3624233067286206,0.7135093926917762,0.3510860859631555,0.5690239228758204,0.5799446753965991,32,320,4,5120,0.8125,10.625,0.625,0.185414438334713,0.375,1.6336433048096122e-14,,
32,12,9236101,grassmann_naive_rang_naif,0.3624233067286206,3.5952966436743736,3.232873336945753,3.232873336945753,10.480865848838487,32,320,4,5120,0.8125,10.625,0.625,3.1455382048833176,0.375,1.6336433048096122e-14,,
32,12,9236101,grassmann_oracle_empirical,0.3624233067286184,0.2569104083813727,-0.1055128983472457,0.2866643271487259,0.1084990532511114,32,320,4,5120,,,,,,,4.0,1.0
32,13,9236101,grassmann_corrigee_mp,0.3624233067286206,0.8660586046753451,0.5036352979467245,0.7372462236508318,0.7717186129726377,32,320,4,5120,0.75,10.8125,0.5,0.2661193835239977,0.5,1.811658191825504e-14,,
32,13,9236101,grassmann_naive_rang_naif,0.3624233067286206,3.5768049135804176,3.214381606851797,3.214381606851797,10.360987820311024,32,320,4,5120,0.75,10.8125,0.5,3.150129461263399,0.5,1.811658191825504e-14,,
32,13,9236101,grassmann_oracle_empirical,0.3624233067286184,0.2167767085775267,-0.1456465981510916,0.2607461738800797,0.0813860989500093,32,320,4,5120,,,,,,,4.0,1.0
32,14,9236101,grassmann_corrigee_mp,0.3624233067286206,1.166065584868193,0.803642278139572,0.9218360055081424,1.0348255796620072,32,320,4,5120,0.5625,10.5625,0.21875,0.2610392647094359,0.6875,2.0656936560778943e-14,,
32,14,9236101,grassmann_naive_rang_naif,0.3624233067286206,3.5180269479751587,3.1556036412465382,3.1556036412465382,9.991565005237277,32,320,4,5120,0.5625,10.5625,0.21875,3.162305842953561,0.6875,2.0656936560778943e-14,,
32,14,9236101,grassmann_oracle_empirical,0.3624233067286184,0.3489429750479758,-0.0134803316806426,0.2331407221996805,0.0779293885008035,32,320,4,5120,,,,,,,4.0,1.0
32,15,9236101,grassmann_corrigee_mp,0.3624233067286206,1.2104456541128457,0.848022347384225,0.9736364259243648,1.117038023284584,32,320,4,5120,0.625,10.5,0.25,0.2694265123644614,0.75,1.515248648077423e-14,,
32,15,9236101,grassmann_naive_rang_naif,0.3624233067286206,3.45199803262949,3.089574725900869,3.089574725900869,9.577872060673098,32,320,4,5120,0.625,10.5,0.25,3.0395417153584767,0.75,1.515248648077423e-14,,
32,15,9236101,grassmann_oracle_empirical,0.3624233067286184,0.3489012874197215,-0.0135220193088969,0.2731034335198988,0.0907729707767697,32,320,4,5120,,,,,,,4.0,1.0
32,16,9236101,grassmann_corrigee_mp,0.3624233067286206,0.9462228021584452,0.5837994954298245,0.7151356601062345,0.7618572626794353,32,320,4,5120,0.75,10.4375,0.5,0.221898256434803,0.5,2.2853217161318417e-14,,
32,16,9236101,grassmann_naive_rang_naif,0.3624233067286206,3.507211945950985,3.1447886392223645,3.1447886392223645,9.92154543325986,32,320,4,5120,0.75,10.4375,0.5,3.1778047173964787,0.5,2.2853217161318417e-14,,
32,16,9236101,grassmann_oracle_empirical,0.3624233067286184,0.2236456866376102,-0.1387776200910082,0.2339691997615322,0.0761582050222517,32,320,4,5120,,,,,,,4.0,1.0
32,17,9236101,grassmann_corrigee_mp,0.3624233067286206,0.993244897108525,0.6308215903799044,0.7026978378011899,0.7543161515513785,32,320,4,5120,0.75,10.75,0.5,0.1970226118247139,0.5,1.9940732769590563e-14,,
32,17,9236101,grassmann_naive_rang_naif,0.3624233067286206,3.517769239842892,3.155345933114272,3.155345933114272,9.984401196317735,32,320,4,5120,0.75,10.75,0.5,3.1001061588275243,0.5,1.9940732769590563e-14,,
32,17,9236101,grassmann_oracle_empirical,0.3624233067286184,0.4259984344244003,0.0635751276957819,0.2143389109412506,0.0605275013184301,32,320,4,5120,,,,,,,4.0,1.0
32,18,9236101,grassmann_corrigee_mp,0.3624233067286206,1.2106039058417082,0.8481805991130875,0.9678912538894155,1.113919127858992,32,320,4,5120,0.625,10.6875,0.25,0.2464458242246652,0.75,1.666711002218616e-14,,
32,18,9236101,grassmann_naive_rang_naif,0.3624233067286206,3.4981374219059944,3.135714115177374,3.135714115177374,9.855892623163983,32,320,4,5120,0.625,10.6875,0.25,3.113522225593309,0.75,1.666711002218616e-14,,
32,18,9236101,grassmann_oracle_empirical,0.3624233067286184,0.2438567366916686,-0.1185665700369497,0.2544483415379417,0.0831265822573531,32,320,4,5120,,,,,,,4.0,1.0
32,19,9236101,grassmann_corrigee_mp,0.3624233067286206,0.733874575002119,0.3714512682734983,0.551116141349374,0.5741015896663804,32,320,4,5120,0.8125,10.625,0.625,0.1567619878923988,0.375,1.7133640196602183e-14,,
32,19,9236101,grassmann_naive_rang_naif,0.3624233067286206,3.637272499501705,3.2748491927730847,3.2748491927730847,10.77786320717018,32,320,4,5120,0.8125,10.625,0.625,3.293585890506487,0.375,1.7133640196602183e-14,,
32,19,9236101,grassmann_oracle_empirical,0.3624233067286184,0.2282135691493749,-0.1342097375792434,0.2067039068866574,0.0609591791888379,32,320,4,5120,,,,,,,4.0,1.0
64,0,9236101,grassmann_corrigee_mp,0.3599127980678655,0.5977738620713353,0.2378610640034697,0.422917184047401,0.3722797970985604,40,640,5,12800,0.8888888888888888,23.166666666666668,0.775,0.1941527487080725,0.225,3.5113414963206485e-14,,
64,0,9236101,grassmann_naive_rang_naif,0.3599127980678655,5.016849410533905,4.656936612466039,4.656936612466039,21.70324793362017,40,640,5,12800,0.8888888888888888,23.166666666666668,0.775,4.671851647698462,0.225,3.5113414963206485e-14,,
64,0,9236101,grassmann_oracle_empirical,0.3599127980678655,0.3242935232818126,-0.0356192747860528,0.1689345405153775,0.0450312133107866,40,640,5,12800,,,,,,,4.0,1.0
64,1,9236101,grassmann_corrigee_mp,0.3599127980678655,0.5717845296487212,0.2118717315808556,0.359757176163063,0.3212702197457101,40,640,5,12800,0.8888888888888888,22.88888888888889,0.8,0.1469755770942235,0.2,3.5749571626469805e-14,,
64,1,9236101,grassmann_naive_rang_naif,0.3599127980678655,4.990065705776215,4.630152907708348,4.630152907708348,21.45059917037867,40,640,5,12800,0.8888888888888888,22.88888888888889,0.8,4.64674159858531,0.2,3.5749571626469805e-14,,
64,1,9236101,grassmann_oracle_empirical,0.3599127980678655,0.3674352284520864,0.0075224303842209,0.1708326991258654,0.042504850523683,40,640,5,12800,,,,,,,4.0,1.0
64,2,9236101,grassmann_corrigee_mp,0.3599127980678655,0.3100637372583151,-0.0498490608095504,0.1255663615108933,0.0242375651372172,40,640,5,12800,1.0,22.88888888888889,1.0,0.1255663615108933,0.0,3.419998081584459e-14,,
64,2,9236101,grassmann_naive_rang_naif,0.3599127980678655,5.018327867984771,4.658415069916906,4.658415069916906,21.72330210318438,40,640,5,12800,1.0,22.88888888888889,1.0,4.658415069916906,0.0,3.419998081584459e-14,,
64,2,9236101,grassmann_oracle_empirical,0.3599127980678655,0.2986175653524697,-0.0612952327153958,0.1501101817133991,0.0377295056500571,40,640,5,12800,,,,,,,4.0,1.0
64,3,9236101,grassmann_corrigee_mp,0.3599127980678655,0.4173413316719234,0.0574285336040578,0.2517817457465766,0.1773863148255443,40,640,5,12800,0.9444444444444444,22.83333333333333,0.9,0.1452148761141494,0.1,3.4461370456812524e-14,,
64,3,9236101,grassmann_naive_rang_naif,0.3599127980678655,4.972374820709229,4.612462022641362,4.612462022641362,21.293003899880027,40,640,5,12800,0.9444444444444444,22.83333333333333,0.9,4.612064647746481,0.1,3.4461370456812524e-14,,
64,3,9236101,grassmann_oracle_empirical,0.3599127980678655,0.2976144088432192,-0.0622983892246462,0.1311730715033288,0.0286074447445157,40,640,5,12800,,,,,,,4.0,1.0
64,4,9236101,grassmann_corrigee_mp,0.3599127980678655,0.994881198182702,0.6349684001148365,0.7330863068446826,0.8223201273462927,40,640,5,12800,0.7222222222222222,23.0,0.45,0.1491118711190022,0.55,3.4383037752680074e-14,,
64,4,9236101,grassmann_naive_rang_naif,0.3599127980678655,5.024620795249939,4.664707997182073,4.664707997182073,21.784223811994448,40,640,5,12800,0.7222222222222222,23.0,0.45,4.702107424278122,0.55,3.4383037752680074e-14,,
64,4,9236101,grassmann_oracle_empirical,0.3599127980678655,0.4755401614122093,0.1156273633443437,0.266431621927768,0.1925946334288263,40,640,5,12800,,,,,,,4.0,1.0
64,5,9236101,grassmann_corrigee_mp,0.3599127980678655,0.8458237949758768,0.4859109969080112,0.6288308817245221,0.6831495460785587,40,640,5,12800,0.7777777777777778,22.88888888888889,0.55,0.1526059529586046,0.45,3.4449662212768766e-14,,
64,5,9236101,grassmann_naive_rang_naif,0.3599127980678655,4.982872200012207,4.622959401944341,4.622959401944341,21.38547327765054,40,640,5,12800,0.7777777777777778,22.88888888888889,0.55,4.607421103944352,0.45,3.4449662212768766e-14,,
64,5,9236101,grassmann_oracle_empirical,0.3599127980678655,0.3509138977155089,-0.0089989003523565,0.2026387149727282,0.0556917938544671,40,640,5,12800,,,,,,,4.0,1.0
64,6,9236101,grassmann_corrigee_mp,0.3599127980678655,0.7687387150712311,0.4088259170033655,0.5220565462509014,0.535511822718921,40,640,5,12800,0.8333333333333334,22.5,0.65,0.1511496859960831,0.35,3.543681069082181e-14,,
64,6,9236101,grassmann_naive_rang_naif,0.3599127980678655,5.020339179039001,4.660426380971136,4.660426380971136,21.738818627508746,40,640,5,12800,0.8333333333333334,22.5,0.65,4.682448406372911,0.35,3.543681069082181e-14,,
64,6,9236101,grassmann_oracle_empirical,0.3599127980678655,0.3677965793758631,0.0078837813079975,0.1484134609964675,0.0341884487283153,40,640,5,12800,,,,,,,4.0,1.0
64,7,9236101,grassmann_corrigee_mp,0.3599127980678655,0.5824335020035505,0.2225207039356849,0.3618792864647693,0.3229012819120019,40,640,5,12800,0.8888888888888888,23.0,0.8,0.1496282149713563,0.2,3.59485211524304e-14,,
64,7,9236101,grassmann_naive_rang_naif,0.3599127980678655,5.035978472232818,4.676065674164953,4.676065674164953,21.88817437134408,40,640,5,12800,0.8888888888888888,23.0,0.8,4.694831996896925,0.2,3.59485211524304e-14,,
64,7,9236101,grassmann_oracle_empirical,0.3599127980678655,0.3686383731663227,0.0087255750984571,0.1238108753769192,0.0261075900371032,40,640,5,12800,,,,,,,4.0,1.0
64,8,9236101,grassmann_corrigee_mp,0.3599127980678655,0.5660744264721871,0.2061616284043214,0.4429099716375737,0.4051055443607277,40,640,5,12800,0.8888888888888888,22.77777777777778,0.75,0.1869187713706246,0.25,3.516229964126154e-14,,
64,8,9236101,grassmann_naive_rang_naif,0.3599127980678655,5.006932401657105,4.647019603589238,4.647019603589238,21.610578136220266,40,640,5,12800,0.8888888888888888,22.77777777777778,0.75,4.64484290554033,0.25,3.516229964126154e-14,,
64,8,9236101,grassmann_oracle_empirical,0.3599127980678655,0.3261644039303064,-0.0337483941375591,0.1639485162269945,0.0404608302801022,40,640,5,12800,,,,,,,4.0,1.0
64,9,9236101,grassmann_corrigee_mp,0.3599127980678655,0.6537057251669467,0.293792927099081,0.3813620565353581,0.3521049941378745,40,640,5,12800,0.8888888888888888,22.944444444444443,0.775,0.1405332293376947,0.225,3.5438622207568124e-14,,
64,9,9236101,grassmann_naive_rang_naif,0.3599127980678655,4.990856385231018,4.630943587163152,4.630943587163152,21.45768593140188,40,640,5,12800,0.8888888888888888,22.944444444444443,0.775,4.631774915062964,0.225,3.5438622207568124e-14,,
64,9,9236101,grassmann_oracle_empirical,0.3599127980678655,0.4191511729732156,0.05923837490535,0.1911572482873839,0.0500176219000426,40,640,5,12800,,,,,,,4.0,1.0
64,10,9236101,grassmann_corrigee_mp,0.3599127980678655,0.5180528622120619,0.1581400641441963,0.2433061900702304,0.1720789133811986,40,640,5,12800,0.9444444444444444,23.11111111111111,0.9,0.1357975920293203,0.1,3.9871889250839793e-14,,
64,10,9236101,grassmann_naive_rang_naif,0.3599127980678655,5.039057397842408,4.679144599774541,4.679144599774541,21.90837978975207,40,640,5,12800,0.9444444444444444,23.11111111111111,0.9,4.689137519802382,0.1,3.9871889250839793e-14,,
64,10,9236101,grassmann_oracle_empirical,0.3599127980678655,0.3758430931717157,0.0159302951038502,0.1420945610851049,0.0336869976777323,40,640,5,12800,,,,,,,4.0,1.0
64,11,9236101,grassmann_corrigee_mp,0.3599127980678655,0.4030262826941907,0.0431134846263252,0.2571814337202814,0.1793705559206471,40,640,5,12800,0.9444444444444444,22.666666666666668,0.9,0.1512145294182658,0.1,3.489364525021035e-14,,
64,11,9236101,grassmann_naive_rang_naif,0.3599127980678655,4.992028713226318,4.632115915158453,4.632115915158453,21.469707533755848,40,640,5,12800,0.9444444444444444,22.666666666666668,0.9,4.63582071470459,0.1,3.489364525021035e-14,,
64,11,9236101,grassmann_oracle_empirical,0.3599127980678655,0.2453788576647639,-0.1145339404031016,0.167349090730073,0.0433853842846616,40,640,5,12800,,,,,,,4.0,1.0
64,12,9236101,grassmann_corrigee_mp,0.3599127980678655,0.8984605431556701,0.5385477450878046,0.5852782232994211,0.6361380272808147,40,640,5,12800,0.7777777777777778,22.88888888888889,0.575,0.1228742695879865,0.425,3.730439685880773e-14,,
64,12,9236101,grassmann_naive_rang_naif,0.3599127980678655,4.995939135551453,4.636026337483587,4.636026337483587,21.504770799094093,40,640,5,12800,0.7777777777777778,22.88888888888889,0.575,4.601440213685382,0.425,3.730439685880773e-14,,
64,12,9236101,grassmann_oracle_empirical,0.3599127980678655,0.4868975874036551,0.1269847893357895,0.2246003638045706,0.1048593100769268,40,640,5,12800,,,,,,,4.0,1.0
64,13,9236101,grassmann_corrigee_mp,0.3599127980678655,0.6914603831246495,0.3315475850567839,0.4992157762222146,0.5025153985157983,40,640,5,12800,0.8333333333333334,22.944444444444443,0.675,0.1565609113773745,0.325,3.5902590244307803e-14,,
64,13,9236101,grassmann_naive_rang_naif,0.3599127980678655,5.000067019462586,4.640154221394719,4.640154221394719,21.545185179494453,40,640,5,12800,0.8333333333333334,22.944444444444443,0.675,4.605150297024908,0.325,3.5902590244307803e-14,,
64,13,9236101,grassmann_oracle_empirical,0.3599127980678655,0.3683471759781241,0.0084343779102586,0.1692737267635917,0.0412250781012472,40,640,5,12800,,,,,,,4.0,1.0
64,14,9236101,grassmann_corrigee_mp,0.3599127980678655,0.8674770163372159,0.5075642182693503,0.6594637883308654,0.7206746744868087,40,640,5,12800,0.7777777777777778,22.77777777777778,0.525,0.1605601741383149,0.475,3.4321678648851745e-14,,
64,14,9236101,grassmann_naive_rang_naif,0.3599127980678655,5.031513082981109,4.671600284913244,4.671600284913244,21.851512940212046,40,640,5,12800,0.7777777777777778,22.77777777777778,0.525,4.732496789973894,0.475,3.4321678648851745e-14,,
64,14,9236101,grassmann_oracle_empirical,0.3599127980678655,0.3337789004668593,-0.0261338976010061,0.1246904315038118,0.0268247552278706,40,640,5,12800,,,,,,,4.0,1.0
64,15,9236101,grassmann_corrigee_mp,0.3599127980678655,0.3452778188511729,-0.0146349792166926,0.1374144801740379,0.0289116733752531,40,640,5,12800,1.0,22.83333333333333,1.0,0.1374144801740379,0.0,3.641533151009944e-14,,
64,15,9236101,grassmann_naive_rang_naif,0.3599127980678655,4.965758502483368,4.605845704415502,4.605845704415502,21.22553588700116,40,640,5,12800,1.0,22.83333333333333,1.0,4.605845704415502,0.0,3.641533151009944e-14,,
64,15,9236101,grassmann_oracle_empirical,0.3599127980678655,0.347981939278543,-0.0119308587893225,0.1288342678919434,0.0280810021876569,40,640,5,12800,,,,,,,4.0,1.0
64,16,9236101,grassmann_corrigee_mp,0.3599127980678655,0.7977667132392525,0.437853915171387,0.5129294481824617,0.5302342817299002,40,640,5,12800,0.8333333333333334,23.166666666666668,0.65,0.1371079966600219,0.35,3.5586263758431593e-14,,
64,16,9236101,grassmann_naive_rang_naif,0.3599127980678655,5.035757553577423,4.675844755509557,4.675844755509557,21.87866070877255,40,640,5,12800,0.8333333333333334,23.166666666666668,0.65,4.686209514477911,0.35,3.5586263758431593e-14,,
64,16,9236101,grassmann_oracle_empirical,0.3599127980678655,0.420129007473588,0.0602162094057224,0.1341876568709654,0.0269264233376523,40,640,5,12800,,,,,,,4.0,1.0
64,17,9236101,grassmann_corrigee_mp,0.3599127980678655,0.4291828092187643,0.0692700111508987,0.2737969685086669,0.1840268012091517,40,640,5,12800,0.9444444444444444,23.0,0.9,0.1696762347386943,0.1,3.4893167984558774e-14,,
64,17,9236101,grassmann_naive_rang_naif,0.3599127980678655,4.998741161823273,4.638828363755406,4.638828363755406,21.53166597416484,40,640,5,12800,0.9444444444444444,23.0,0.9,4.638834206335144,0.1,3.4893167984558774e-14,,
64,17,9236101,grassmann_oracle_empirical,0.3599127980678655,0.3000021984800696,-0.0599105995877959,0.1268811868892517,0.0274422479118182,40,640,5,12800,,,,,,,4.0,1.0
64,18,9236101,grassmann_corrigee_mp,0.3599127980678655,0.3698715288192034,0.0099587307513378,0.2707752306921563,0.1862948329313659,40,640,5,12800,0.9444444444444444,23.11111111111111,0.9,0.1663187482759047,0.1,3.633449709945052e-14,,
64,18,9236101,grassmann_naive_rang_naif,0.3599127980678655,5.003725242614746,4.64381244454688,4.64381244454688,21.576358562887627,40,640,5,12800,0.9444444444444444,23.11111111111111,0.9,4.654284127625224,0.1,3.633449709945052e-14,,
64,18,9236101,grassmann_oracle_empirical,0.3599127980678655,0.247746788803488,-0.1121660092643775,0.1650709286308072,0.0431364613660478,40,640,5,12800,,,,,,,4.0,1.0
64,19,9236101,grassmann_corrigee_mp,0.3599127980678655,0.6451294599100947,0.2852166618422291,0.5228646101689277,0.512610897501119,40,640,5,12800,0.8333333333333334,22.77777777777778,0.675,0.1915962209280605,0.325,3.675544609311118e-14,,
64,19,9236101,grassmann_naive_rang_naif,0.3599127980678655,4.992312729358673,4.632399931290808,4.632399931290808,21.47214672486576,40,640,5,12800,0.8333333333333334,22.77777777777778,0.675,4.608425267609353,0.325,3.675544609311118e-14,,
64,19,9236101,grassmann_oracle_empirical,0.3599127980678655,0.2909593670628965,-0.068953431004969,0.1627998017835586,0.0388311957789362,40,640,5,12800,,,,,,,4.0,1.0
96,0,9236101,grassmann_corrigee_mp,0.3594187717955694,0.3863820703700185,0.026963298574449,0.2025803994094676,0.1431819736717049,48,960,6,23040,0.95,35.35,0.9166666666666666,0.110871563109354,0.0833333333333333,4.472941483374202e-14,,
96,0,9236101,grassmann_naive_rang_naif,0.3594187717955694,6.159742375214894,5.800323603419326,5.800323603419326,33.65140099399255,48,960,6,23040,0.95,35.35,0.9166666666666666,5.800271554114826,0.0833333333333333,4.472941483374202e-14,,
96,0,9236101,grassmann_oracle_empirical,0.3594187717955694,0.2949016753894587,-0.0645170964061107,0.1333417781183691,0.0298860079249918,48,960,6,23040,,,,,,,4.0,1.0
96,1,9236101,grassmann_corrigee_mp,0.3594187717955694,0.657978105203559,0.2985593334079895,0.4253908286322035,0.4019276066889958,48,960,6,23040,0.85,35.4,0.75,0.1633952386060323,0.25,4.472082733315383e-14,,
96,1,9236101,grassmann_naive_rang_naif,0.3594187717955694,6.162224491437276,5.802805719641707,5.802805719641707,33.680584123320735,48,960,6,23040,0.85,35.4,0.75,5.812377920946673,0.25,4.472082733315383e-14,,
96,1,9236101,grassmann_oracle_empirical,0.3594187717955694,0.3342655151112315,-0.0251532566843379,0.1722581622862279,0.0487748454981482,48,960,6,23040,,,,,,,4.0,1.0
96,2,9236101,grassmann_corrigee_mp,0.3594187717955694,0.3005213160843898,-0.0588974557111795,0.143861322184314,0.0307577519497549,48,960,6,23040,1.0,35.5,1.0,0.143861322184314,0.0,4.4954951710698944e-14,,
96,2,9236101,grassmann_naive_rang_naif,0.3594187717955694,6.123328457276027,5.763909685480457,5.763909685480457,33.23563696347242,48,960,6,23040,1.0,35.5,1.0,5.763909685480457,0.0,4.4954951710698944e-14,,
96,2,9236101,grassmann_oracle_empirical,0.3594187717955694,0.3201509461117287,-0.0392678256838407,0.1418723290956141,0.0321299491571944,48,960,6,23040,,,,,,,4.0,1.0
96,3,9236101,grassmann_corrigee_mp,0.3594187717955694,0.4895968438747028,0.1301780720791333,0.2966621534295724,0.2638285453659312,48,960,6,23040,0.9,35.9,0.8333333333333334,0.1137190643733434,0.1666666666666666,4.491151072420192e-14,,
96,3,9236101,grassmann_naive_rang_naif,0.3594187717955694,6.129853904247284,5.770435132451715,5.770435132451715,33.30475249067394,48,960,6,23040,0.9,35.9,0.8333333333333334,5.764570178456964,0.1666666666666666,4.491151072420192e-14,,
96,3,9236101,grassmann_oracle_empirical,0.3594187717955694,0.311192346115907,-0.0482264256796624,0.0902493011839089,0.0173332626154836,48,960,6,23040,,,,,,,4.0,1.0
96,4,9236101,grassmann_corrigee_mp,0.3594187717955694,0.4079971234314143,0.0485783516358448,0.2078459555757714,0.144361473266496,48,960,6,23040,0.95,35.6,0.9166666666666666,0.1166158061998673,0.0833333333333333,4.681542778722117e-14,,
96,4,9236101,grassmann_naive_rang_naif,0.3594187717955694,6.19525541861852,5.835836646822951,5.835836646822951,34.07524708951482,48,960,6,23040,0.95,35.6,0.9166666666666666,5.828962824249492,0.0833333333333333,4.681542778722117e-14,,
96,4,9236101,grassmann_oracle_empirical,0.3594187717955694,0.2849302408285439,-0.0744885309670255,0.1183130465313366,0.0281805618126391,48,960,6,23040,,,,,,,4.0,1.0
96,5,9236101,grassmann_corrigee_mp,0.3594187717955694,0.4026032038188229,0.0431844320232534,0.2610152164166643,0.1602870522853101,48,960,6,23040,0.95,35.45,0.9166666666666666,0.1746186362081141,0.0833333333333333,4.5620663387119983e-14,,
96,5,9236101,grassmann_naive_rang_naif,0.3594187717955694,6.129384299119313,5.769965527323745,5.769965527323745,33.29865707044633,48,960,6,23040,0.95,35.45,0.9166666666666666,5.772516597089125,0.0833333333333333,4.5620663387119983e-14,,
96,5,9236101,grassmann_oracle_empirical,0.3594187717955694,0.3560973994123439,-0.0033213723832255,0.1686925604312669,0.0421247778511074,48,960,6,23040,,,,,,,4.0,1.0
96,6,9236101,grassmann_corrigee_mp,0.3594187717955694,0.5973705475529035,0.237951775757334,0.2819153823239362,0.2551488701250746,48,960,6,23040,0.9,35.6,0.8333333333333334,0.09602293904658,0.1666666666666666,4.4887592366669254e-14,,
96,6,9236101,grassmann_naive_rang_naif,0.3594187717955694,6.134555886189143,5.775137114393574,5.775137114393574,33.35927838714485,48,960,6,23040,0.9,35.6,0.8333333333333334,5.778088988729181,0.1666666666666666,4.4887592366669254e-14,,
96,6,9236101,grassmann_oracle_empirical,0.3594187717955694,0.3857694396671529,0.0263506678715833,0.1186393772159519,0.0241949808033152,48,960,6,23040,,,,,,,4.0,1.0
96,7,9236101,grassmann_corrigee_mp,0.3594187717955694,0.4817569348961115,0.122338163100542,0.2283949983593031,0.1515365847151911,48,960,6,23040,0.95,35.75,0.9166666666666666,0.1390329437819018,0.0833333333333333,4.2129108661792045e-14,,
96,7,9236101,grassmann_naive_rang_naif,0.3594187717955694,6.156208395957947,5.796789624162378,5.796789624162378,33.6166256574002,48,960,6,23040,0.95,35.75,0.9166666666666666,5.794382420141272,0.0833333333333333,4.2129108661792045e-14,,
96,7,9236101,grassmann_oracle_empirical,0.3594187717955694,0.3685880449290077,0.0091692731334382,0.1571979008134581,0.0358057488166461,48,960,6,23040,,,,,,,4.0,1.0
96,8,9236101,grassmann_corrigee_mp,0.3594187717955694,0.2799449409358203,-0.0794738308597491,0.119326065002185,0.0252865310964402,48,960,6,23040,1.0,35.5,1.0,0.119326065002185,0.0,4.36835175544561e-14,,
96,8,9236101,grassmann_naive_rang_naif,0.3594187717955694,6.141871203978856,5.782452432183288,5.782452432183288,33.44481205270099,48,960,6,23040,1.0,35.5,1.0,5.782452432183288,0.0,4.36835175544561e-14,,
96,8,9236101,grassmann_oracle_empirical,0.3594187717955694,0.2713330071419477,-0.0880857646536217,0.1275022400883082,0.0274840045724255,48,960,6,23040,,,,,,,4.0,1.0
96,9,9236101,grassmann_corrigee_mp,0.3594187717955694,0.5204961313866079,0.1610773595910384,0.3353433766238219,0.2756589356456873,48,960,6,23040,0.9,35.85,0.8333333333333334,0.1601365322064429,0.1666666666666666,4.4909459628457965e-14,,
96,9,9236101,grassmann_naive_rang_naif,0.3594187717955694,6.160084058841069,5.800665287045501,5.800665287045501,33.66147925709949,48,960,6,23040,0.9,35.85,0.8333333333333334,5.798945178456964,0.1666666666666666,4.4909459628457965e-14,,
96,9,9236101,grassmann_oracle_empirical,0.3594187717955694,0.3183395651479562,-0.0410792066476132,0.1388840770829341,0.0294195660557278,48,960,6,23040,,,,,,,4.0,1.0
96,10,9236101,grassmann_corrigee_mp,0.3594187717955694,0.4499492867228885,0.090530514927319,0.2044422383560615,0.1418516092410586,48,960,6,23040,0.95,35.7,0.9166666666666666,0.1129026601420019,0.0833333333333333,4.4124045989098216e-14,,
96,10,9236101,grassmann_naive_rang_naif,0.3594187717955694,6.1332558790842695,5.7738371072887,5.7738371072887,33.3435642153897,48,960,6,23040,0.95,35.7,0.9166666666666666,5.773278160216816,0.0833333333333333,4.4124045989098216e-14,,
96,10,9236101,grassmann_oracle_empirical,0.3594187717955694,0.3120199969659249,-0.0473987748296445,0.1070510732326357,0.0224471364868004,48,960,6,23040,,,,,,,4.0,1.0
96,11,9236101,grassmann_corrigee_mp,0.3594187717955694,0.5720485580774645,0.212629786281895,0.3621276334062644,0.3313289018185181,48,960,6,23040,0.9,35.6,0.7916666666666666,0.1386408004314085,0.2083333333333333,4.598073771544893e-14,,
96,11,9236101,grassmann_naive_rang_naif,0.3594187717955694,6.182358851035436,5.822940079239867,5.822940079239867,33.919808520233055,48,960,6,23040,0.9,35.6,0.7916666666666666,5.822593710897753,0.2083333333333333,4.598073771544893e-14,,
96,11,9236101,grassmann_oracle_empirical,0.3594187717955694,0.3351674277024964,-0.024251344093073,0.1493626499847176,0.0352322675688016,48,960,6,23040,,,,,,,4.0,1.0
96,12,9236101,grassmann_corrigee_mp,0.3594187717955694,0.4577891676841925,0.098370395888623,0.2588305119896629,0.2061042658133536,48,960,6,23040,0.95,35.4,0.875,0.122752356743798,0.125,4.431431387538674e-14,,
96,12,9236101,grassmann_naive_rang_naif,0.3594187717955694,6.178968101739883,5.819549329944315,5.819549329944315,33.879648703383545,48,960,6,23040,0.95,35.4,0.875,5.816173832342034,0.125,4.431431387538674e-14,,
96,12,9236101,grassmann_oracle_empirical,0.3594187717955694,0.2754963878542185,-0.0839223839413509,0.1305166174218575,0.02832594099722,48,960,6,23040,,,,,,,4.0,1.0
96,13,9236101,grassmann_corrigee_mp,0.3594187717955694,0.418046962780257,0.0586281909846876,0.1968103541529898,0.1425285548431689,48,960,6,23040,0.95,35.8,0.9166666666666666,0.1045769682841055,0.0833333333333333,4.600156511873866e-14,,
96,13,9236101,grassmann_naive_rang_naif,0.3594187717955694,6.210476795832316,5.851058024036747,5.851058024036747,34.25235339726516,48,960,6,23040,0.95,35.8,0.9166666666666666,5.838689153532773,0.0833333333333333,4.600156511873866e-14,,
96,13,9236101,grassmann_oracle_empirical,0.3594187717955694,0.3054515868425369,-0.0539671849530325,0.1159832346879888,0.024256027035361,48,960,6,23040,,,,,,,4.0,1.0
96,14,9236101,grassmann_corrigee_mp,0.3594187717955694,0.4359757425263524,0.0765569707307829,0.2750053703023614,0.2117371496840774,48,960,6,23040,0.95,35.6,0.875,0.1412379091011678,0.125,4.387379507391138e-14,,
96,14,9236101,grassmann_naive_rang_naif,0.3594187717955694,6.161666790644328,5.802248018848759,5.802248018848759,33.67959833280452,48,960,6,23040,0.95,35.6,0.875,5.806007016993,0.125,4.387379507391138e-14,,
96,14,9236101,grassmann_oracle_empirical,0.3594187717955694,0.3027811264619231,-0.0566376453336463,0.1607543899543157,0.0409015449096533,48,960,6,23040,,,,,,,4.0,1.0
96,15,9236101,grassmann_corrigee_mp,0.3594187717955694,0.519360312105467,0.1599415403098974,0.2721815009273244,0.2100877658663422,48,960,6,23040,0.95,35.75,0.875,0.1380106298154112,0.125,4.606000127845223e-14,,
96,15,9236101,grassmann_naive_rang_naif,0.3594187717955694,6.144603371620178,5.78518459982461,5.78518459982461,33.47567449738083,48,960,6,23040,0.95,35.75,0.875,5.791856772143931,0.125,4.606000127845223e-14,,
96,15,9236101,grassmann_oracle_empirical,0.3594187717955694,0.4049023191134135,0.045483547317844,0.1621430532526352,0.0414414642224872,48,960,6,23040,,,,,,,4.0,1.0
96,16,9236101,grassmann_corrigee_mp,0.3594187717955694,0.3433586886773507,-0.0160600831182187,0.1261563673919986,0.0273283174113985,48,960,6,23040,1.0,35.45,1.0,0.1261563673919986,0.0,4.167701452493404e-14,,
96,16,9236101,grassmann_naive_rang_naif,0.3594187717955694,6.189700096845627,5.830281325050058,5.830281325050058,34.00363110080638,48,960,6,23040,1.0,35.45,1.0,5.830281325050058,0.0,4.167701452493404e-14,,
96,16,9236101,grassmann_oracle_empirical,0.3594187717955694,0.3775609211685757,0.0181421493730062,0.1237950475728288,0.0213543888848333,48,960,6,23040,,,,,,,4.0,1.0
96,17,9236101,grassmann_corrigee_mp,0.3594187717955694,0.4287836086004972,0.0693648368049277,0.2219337716065945,0.148706261171943,48,960,6,23040,0.95,35.65,0.9166666666666666,0.131984332778947,0.0833333333333333,4.6020618003399314e-14,,
96,17,9236101,grassmann_naive_rang_naif,0.3594187717955694,6.161475251118342,5.802056479322773,5.802056479322773,33.67487023867388,48,960,6,23040,0.95,35.65,0.9166666666666666,5.798532767417439,0.0833333333333333,4.6020618003399314e-14,,
96,17,9236101,grassmann_oracle_empirical,0.3594187717955694,0.3942793587533136,0.0348605869577441,0.1193457620821549,0.0211157579873705,48,960,6,23040,,,,,,,4.0,1.0
96,18,9236101,grassmann_corrigee_mp,0.3594187717955694,0.5643691524552802,0.2049503806597107,0.3478223732977163,0.3268077188111712,48,960,6,23040,0.9,35.45,0.7916666666666666,0.1205709981890318,0.2083333333333333,4.6324641043978487e-14,,
96,18,9236101,grassmann_naive_rang_naif,0.3594187717955694,6.15830014149348,5.79888136969791,5.79888136969791,33.637094493926675,48,960,6,23040,0.9,35.45,0.7916666666666666,5.79371746901302,0.2083333333333333,4.6324641043978487e-14,,
96,18,9236101,grassmann_oracle_empirical,0.3594187717955694,0.3629769161343574,0.0035581443387879,0.1316001961628596,0.0281679055633637,48,960,6,23040,,,,,,,4.0,1.0
96,19,9236101,grassmann_corrigee_mp,0.3594187717955694,0.3246013896229366,-0.0348173821726328,0.1289241637888226,0.0248912522029369,48,960,6,23040,1.0,35.5,1.0,0.1289241637888226,0.0,4.5542263088091495e-14,,
96,19,9236101,grassmann_naive_rang_naif,0.3594187717955694,6.19288910428683,5.8334703324912605,5.8334703324912605,34.040100930946515,48,960,6,23040,1.0,35.5,1.0,5.8334703324912605,0.0,4.5542263088091495e-14,,
96,19,9236101,grassmann_oracle_empirical,0.3594187717955694,0.3951701501694818,0.0357513783739123,0.1193954288941774,0.0194714479543685,48,960,6,23040,,,,,,,4.0,1.0
128,0,9236101,grassmann_corrigee_mp,0.359242194138257,0.2643467178568244,-0.0948954762814325,0.1442471600243336,0.0356148584894224,56,1280,7,35840,1.0,48.5,1.0,0.1442471600243336,0.0,5.022563367104422e-14,,
128,0,9236101,grassmann_naive_rang_naif,0.359242194138257,7.103485609803881,6.744243415665625,6.744243415665625,45.49184933181937,56,1280,7,35840,1.0,48.5,1.0,6.744243415665625,0.0,5.022563367104422e-14,,
128,0,9236101,grassmann_oracle_empirical,0.3592421941382573,0.2949630886848484,-0.0642791054534089,0.110592929909729,0.0214686902242354,56,1280,7,35840,,,,,,,4.0,1.0
128,1,9236101,grassmann_corrigee_mp,0.359242194138257,0.3044757325468318,-0.0547664615914251,0.1301274403120489,0.0290465937825587,56,1280,7,35840,1.0,48.40909090909091,1.0,0.1301274403120489,0.0,4.931478536417276e-14,,
128,1,9236101,grassmann_naive_rang_naif,0.359242194138257,7.108480606760297,6.7492384126220415,6.7492384126220415,45.55801906169514,56,1280,7,35840,1.0,48.40909090909091,1.0,6.7492384126220415,0.0,4.931478536417276e-14,,
128,1,9236101,grassmann_oracle_empirical,0.3592421941382573,0.3826187758573464,0.023376581719089,0.110058356690406,0.0177331950549151,56,1280,7,35840,,,,,,,4.0,1.0
128,2,9236101,grassmann_corrigee_mp,0.359242194138257,0.4496869293174573,0.0904447351792003,0.1781156388793059,0.1185219476304762,56,1280,7,35840,0.9545454545454546,48.86363636363637,0.9285714285714286,0.0986203667647886,0.0714285714285714,6.178656720018157e-14,,
128,2,9236101,grassmann_naive_rang_naif,0.359242194138257,7.1032856447356085,6.744043450597353,6.744043450597353,45.492643867396,56,1280,7,35840,0.9545454545454546,48.86363636363637,0.9285714285714286,6.744174276242675,0.0714285714285714,6.178656720018157e-14,,
128,2,9236101,grassmann_oracle_empirical,0.3592421941382573,0.3624310021820877,0.0031888080438304,0.1094931366332175,0.0200541322195898,56,1280,7,35840,,,,,,,4.0,1.0
128,3,9236101,grassmann_corrigee_mp,0.359242194138257,0.3700389243396265,0.0107967302013695,0.2130220809139467,0.1339060036545498,56,1280,7,35840,0.9545454545454546,48.45454545454545,0.9285714285714286,0.1362119197251711,0.0714285714285714,6.550955074279665e-14,,
128,3,9236101,grassmann_naive_rang_naif,0.359242194138257,7.102607735565731,6.743365541427474,6.743365541427474,45.48048871253141,56,1280,7,35840,0.9545454545454546,48.45454545454545,0.9285714285714286,6.740901733655982,0.0714285714285714,6.550955074279665e-14,,
128,3,9236101,grassmann_oracle_empirical,0.3592421941382573,0.3072439687592642,-0.051998225378993,0.0978691496212874,0.0173652153361601,56,1280,7,35840,,,,,,,4.0,1.0
128,4,9236101,grassmann_corrigee_mp,0.359242194138257,0.2923783812937991,-0.0668638128444577,0.1256058133856075,0.0273776506692156,56,1280,7,35840,1.0,48.54545454545455,1.0,0.1256058133856075,0.0,4.9502847792208776e-14,,
128,4,9236101,grassmann_naive_rang_naif,0.359242194138257,7.124198990208762,6.764956796070506,6.764956796070506,45.771658892390114,56,1280,7,35840,1.0,48.54545454545455,1.0,6.764956796070506,0.0,4.9502847792208776e-14,,
128,4,9236101,grassmann_oracle_empirical,0.3592421941382573,0.2822602448452796,-0.0769819492929776,0.121391666598558,0.0281790224623255,56,1280,7,35840,,,,,,,4.0,1.0
128,5,9236101,grassmann_corrigee_mp,0.359242194138257,0.2908955848376666,-0.0683466093005904,0.1213512703751735,0.025748473260558,56,1280,7,35840,1.0,48.5,1.0,0.1213512703751735,0.0,5.0902254523589457e-14,,
128,5,9236101,grassmann_naive_rang_naif,0.359242194138257,7.099723952157157,6.740481758018901,6.740481758018901,45.44292326453671,56,1280,7,35840,1.0,48.5,1.0,6.740481758018901,0.0,5.0902254523589457e-14,,
128,5,9236101,grassmann_oracle_empirical,0.3592421941382573,0.3455233832022973,-0.0137188109359599,0.078417978195451,0.0113167734778944,56,1280,7,35840,,,,,,,4.0,1.0
128,6,9236101,grassmann_corrigee_mp,0.359242194138257,0.4119639594906142,0.0527217653523572,0.1807209928908218,0.1228405835104805,56,1280,7,35840,0.9545454545454546,48.63636363636363,0.9285714285714286,0.1014261326233442,0.0714285714285714,5.098138552935162e-14,,
128,6,9236101,grassmann_naive_rang_naif,0.359242194138257,7.129493994372232,6.770251800233976,6.770251800233976,45.84401845234998,56,1280,7,35840,0.9545454545454546,48.63636363636363,0.9285714285714286,6.762467491920964,0.0714285714285714,5.098138552935162e-14,,
128,6,9236101,grassmann_oracle_empirical,0.3592421941382573,0.3511838646871703,-0.008058329451087,0.1133914720003701,0.0195817129198515,56,1280,7,35840,,,,,,,4.0,1.0
128,7,9236101,grassmann_corrigee_mp,0.359242194138257,0.5503233005957944,0.1910811064575373,0.2571296514166853,0.2220795181236186,56,1280,7,35840,0.9090909090909092,48.5,0.8571428571428571,0.098058897258128,0.1428571428571428,5.3632984532441605e-14,,
128,7,9236101,grassmann_naive_rang_naif,0.359242194138257,7.123549401760101,6.764307207621846,6.764307207621846,45.76314051016555,56,1280,7,35840,0.9090909090909092,48.5,0.8571428571428571,6.767373876529646,0.1428571428571428,5.3632984532441605e-14,,
128,7,9236101,grassmann_oracle_empirical,0.3592421941382573,0.3434382903256586,-0.0158039038125986,0.155231139463247,0.0337686156049535,56,1280,7,35840,,,,,,,4.0,1.0
128,8,9236101,grassmann_corrigee_mp,0.359242194138257,0.3108105902293963,-0.0484316039088606,0.1048346365777365,0.0174198703558562,56,1280,7,35840,1.0,48.36363636363637,1.0,0.1048346365777365,0.0,5.30539165390601e-14,,
128,8,9236101,grassmann_naive_rang_naif,0.359242194138257,7.164070665836334,6.804828471698079,6.804828471698079,46.316760004121925,56,1280,7,35840,1.0,48.36363636363637,1.0,6.804828471698079,0.0,5.30539165390601e-14,,
128,8,9236101,grassmann_oracle_empirical,0.3592421941382573,0.3021018719300627,-0.0571403222081945,0.1087262484624989,0.0201126537841824,56,1280,7,35840,,,,,,,4.0,1.0
128,9,9236101,grassmann_corrigee_mp,0.359242194138257,0.2252264173169221,-0.1340157768213348,0.1704872162442135,0.0444513166236554,56,1280,7,35840,1.0,48.36363636363637,1.0,0.1704872162442135,0.0,5.062688946228039e-14,,
128,9,9236101,grassmann_naive_rang_naif,0.359242194138257,7.110838992255075,6.751596798116819,6.751596798116819,45.590957982782335,56,1280,7,35840,1.0,48.36363636363637,1.0,6.751596798116819,0.0,5.062688946228039e-14,,
128,9,9236101,grassmann_oracle_empirical,0.3592421941382573,0.2909285898453423,-0.068313604292915,0.1201922931816818,0.0252145496910382,56,1280,7,35840,,,,,,,4.0,1.0
128,10,9236101,grassmann_corrigee_mp,0.359242194138257,0.4111702122858592,0.0519280181476022,0.1863412040942788,0.1249318913397299,56,1280,7,35840,0.9545454545454546,48.36363636363637,0.9285714285714286,0.1074786677655287,0.0714285714285714,4.943578743224137e-14,,
128,10,9236101,grassmann_naive_rang_naif,0.359242194138257,7.11559795481818,6.7563557606799245,6.7563557606799245,45.65526857262531,56,1280,7,35840,0.9545454545454546,48.36363636363637,0.9285714285714286,6.758580031138986,0.0714285714285714,4.943578743224137e-14,,
128,10,9236101,grassmann_oracle_empirical,0.3592421941382573,0.3414402109171663,-0.017801983221091,0.0986870077308342,0.0162861835702271,56,1280,7,35840,,,,,,,4.0,1.0
128,11,9236101,grassmann_corrigee_mp,0.359242194138257,0.427887530199119,0.068645336060862,0.0845304693807129,0.0106727625771857,56,1280,7,35840,1.0,48.54545454545455,1.0,0.0845304693807129,0.0,5.2476177122731643e-14,,
128,11,9236101,grassmann_naive_rang_naif,0.359242194138257,7.137914964130947,6.77867276999269,6.77867276999269,45.95563263453206,56,1280,7,35840,1.0,48.54545454545455,1.0,6.77867276999269,0.0,5.2476177122731643e-14,,
128,11,9236101,grassmann_oracle_empirical,0.3592421941382573,0.4355133064091205,0.0762711122708632,0.0953386690774727,0.0141924250660079,56,1280,7,35840,,,,,,,4.0,1.0
128,12,9236101,grassmann_corrigee_mp,0.359242194138257,0.361477524840406,0.002235330702149,0.1022843434100848,0.0189517336058316,56,1280,7,35840,1.0,48.59090909090909,1.0,0.1022843434100848,0.0,4.915151064173068e-14,,
128,12,9236101,grassmann_naive_rang_naif,0.359242194138257,7.137406826019287,6.778164631881031,6.778164631881031,45.95147702360282,56,1280,7,35840,1.0,48.59090909090909,1.0,6.778164631881031,0.0,4.915151064173068e-14,,
128,12,9236101,grassmann_oracle_empirical,0.3592421941382573,0.4021473691931793,0.0429051750549219,0.0875971479108126,0.0111610463254461,56,1280,7,35840,,,,,,,4.0,1.0
128,13,9236101,grassmann_corrigee_mp,0.359242194138257,0.351331691922886,-0.0079105022153709,0.1274758661179513,0.0266622829529701,56,1280,7,35840,1.0,48.54545454545455,1.0,0.1274758661179513,0.0,6.563083607867279e-14,,
128,13,9236101,grassmann_naive_rang_naif,0.359242194138257,7.160723669188363,6.801481475050108,6.801481475050108,46.26895390436341,56,1280,7,35840,1.0,48.54545454545455,1.0,6.801481475050108,0.0,6.563083607867279e-14,,
128,13,9236101,grassmann_oracle_empirical,0.3592421941382573,0.3611769591059003,0.001934764967643,0.1109919339956067,0.0213253052259561,56,1280,7,35840,,,,,,,4.0,1.0
128,14,9236101,grassmann_corrigee_mp,0.359242194138257,0.4605599373046841,0.1013177431664271,0.1604788599554975,0.1140007892508709,56,1280,7,35840,0.9545454545454546,48.45454545454545,0.9285714285714286,0.0796269125391488,0.0714285714285714,5.099548776293114e-14,,
128,14,9236101,grassmann_naive_rang_naif,0.359242194138257,7.108522321496691,6.749280127358435,6.749280127358435,45.56121938008384,56,1280,7,35840,0.9545454545454546,48.45454545454545,0.9285714285714286,6.752941110795147,0.0714285714285714,5.099548776293114e-14,,
128,14,9236101,grassmann_oracle_empirical,0.3592421941382573,0.4028256644627878,0.0435834703245304,0.1213006361808695,0.0216652516297803,56,1280,7,35840,,,,,,,4.0,1.0
128,15,9236101,grassmann_corrigee_mp,0.359242194138257,0.3158436917832919,-0.043398502354965,0.1056994692813379,0.0200694427137914,56,1280,7,35840,1.0,48.22727272727273,1.0,0.1056994692813379,0.0,5.284540817063413e-14,,
128,15,9236101,grassmann_naive_rang_naif,0.359242194138257,7.085578577859061,6.726336383720805,6.726336383720805,45.25302379329856,56,1280,7,35840,1.0,48.22727272727273,1.0,6.726336383720805,0.0,5.284540817063413e-14,,
128,15,9236101,grassmann_oracle_empirical,0.3592421941382573,0.3115903210959264,-0.0476518730423308,0.1068819870083317,0.0170104296892037,56,1280,7,35840,,,,,,,4.0,1.0
128,16,9236101,grassmann_corrigee_mp,0.359242194138257,0.4732745090233428,0.1140323148850858,0.1786401222079985,0.1195698974602965,56,1280,7,35840,0.9545454545454546,48.81818181818182,0.9285714285714286,0.0991851949649193,0.0714285714285714,4.8821421628438616e-14,,
128,16,9236101,grassmann_naive_rang_naif,0.359242194138257,7.102100397859301,6.7428582037210445,6.7428582037210445,45.473352709541466,56,1280,7,35840,0.9545454545454546,48.81818181818182,0.9285714285714286,6.739627679788935,0.0714285714285714,4.8821421628438616e-14,,
128,16,9236101,grassmann_oracle_empirical,0.3592421941382573,0.3946425521613231,0.0354003580230658,0.0903177122610098,0.0117987120672476,56,1280,7,35840,,,,,,,4.0,1.0
128,17,9236101,grassmann_corrigee_mp,0.359242194138257,0.4319521838000842,0.0727099896618272,0.2037960682327651,0.1275824178581407,56,1280,7,35840,0.9545454545454546,48.68181818181818,0.9285714285714286,0.1262762137608216,0.0714285714285714,4.975106258303745e-14,,
128,17,9236101,grassmann_naive_rang_naif,0.359242194138257,7.132609639848981,6.773367445710726,6.773367445710726,45.88535345485854,56,1280,7,35840,0.9545454545454546,48.68181818181818,0.9285714285714286,6.7678002552994005,0.0714285714285714,4.975106258303745e-14,,
128,17,9236101,grassmann_oracle_empirical,0.3592421941382573,0.3858686799981764,0.0266264858599191,0.1085181114945478,0.0180722603342869,56,1280,7,35840,,,,,,,4.0,1.0
128,18,9236101,grassmann_corrigee_mp,0.359242194138257,0.2844651405300413,-0.0747770536082156,0.1350772379484716,0.0311837544755643,56,1280,7,35840,1.0,48.45454545454545,1.0,0.1350772379484716,0.0,5.890434487344721e-14,,
128,18,9236101,grassmann_naive_rang_naif,0.359242194138257,7.1379674077034,6.778725213565144,6.778725213565144,45.95884620071217,56,1280,7,35840,1.0,48.45454545454545,1.0,6.778725213565144,0.0,5.890434487344721e-14,,
128,18,9236101,grassmann_oracle_empirical,0.3592421941382573,0.3170620386621782,-0.0421801554760791,0.1349003344242061,0.0296271314080844,56,1280,7,35840,,,,,,,4.0,1.0
128,19,9236101,grassmann_corrigee_mp,0.359242194138257,0.3871388525835105,0.0278966584452535,0.1598720889554943,0.0403982182703605,56,1280,7,35840,1.0,48.45454545454545,1.0,0.1598720889554943,0.0,4.985900377676151e-14,,
128,19,9236101,grassmann_naive_rang_naif,0.359242194138257,7.118961666311536,6.7597194721732805,6.7597194721732805,45.70140522097716,56,1280,7,35840,1.0,48.45454545454545,1.0,6.7597194721732805,0.0,4.985900377676151e-14,,
128,19,9236101,grassmann_oracle_empirical,0.3592421941382573,0.4323205802855747,0.0730783861473174,0.1393414838530266,0.0353174298143997,56,1280,7,35840,,,,,,,4.0,1.0
160,0,9236101,grassmann_corrigee_mp,0.3591595742517242,0.3428046886110678,-0.0163548856406563,0.1063491128152236,0.0205214737122803,64,1600,8,51200,1.0,61.5,1.0,0.1063491128152236,0.0,7.262190940541037e-14,,
160,0,9236101,grassmann_naive_rang_naif,0.3591595742517242,7.967559456825256,7.608399882573531,7.608399882573531,57.89233365318193,64,1600,8,51200,1.0,61.5,1.0,7.608399882573531,0.0,7.262190940541037e-14,,
160,0,9236101,grassmann_oracle_empirical,0.3591595742517204,0.3275671452283859,-0.0315924290233344,0.094126484399208,0.0144649150242394,64,1600,8,51200,,,,,,,4.0,1.0
160,1,9236101,grassmann_corrigee_mp,0.3591595742517242,0.3215427318355068,-0.0376168424162173,0.123569973395206,0.0271340294046402,64,1600,8,51200,1.0,61.66666666666666,1.0,0.123569973395206,0.0,5.851749189159373e-14,,
160,1,9236101,grassmann_naive_rang_naif,0.3591595742517242,7.978520788252354,7.619361214000628,7.619361214000628,58.0612798799731,64,1600,8,51200,1.0,61.66666666666666,1.0,7.619361214000628,0.0,5.851749189159373e-14,,
160,1,9236101,grassmann_oracle_empirical,0.3591595742517204,0.3053686330094933,-0.053790941242227,0.1247951994566493,0.0261203314765522,64,1600,8,51200,,,,,,,4.0,1.0
160,2,9236101,grassmann_corrigee_mp,0.3591595742517242,0.2689577306155115,-0.0902018436362126,0.1161905102836278,0.0253794538003679,64,1600,8,51200,1.0,61.708333333333336,1.0,0.1161905102836278,0.0,6.170603569650459e-14,,
160,2,9236101,grassmann_naive_rang_naif,0.3591595742517242,7.996471121907234,7.637311547655509,7.637311547655509,58.33638063981901,64,1600,8,51200,1.0,61.708333333333336,1.0,7.637311547655509,0.0,6.170603569650459e-14,,
160,2,9236101,grassmann_oracle_empirical,0.3591595742517204,0.3328106130938977,-0.0263489611578227,0.0694117199905664,0.008275899730424,64,1600,8,51200,,,,,,,4.0,1.0
160,3,9236101,grassmann_corrigee_mp,0.3591595742517242,0.3422363650170155,-0.0169232092347086,0.1029762017318248,0.0169628383864678,64,1600,8,51200,1.0,61.458333333333336,1.0,0.1029762017318248,0.0,6.290261159808319e-14,,
160,3,9236101,grassmann_naive_rang_naif,0.3591595742517242,7.947515726089477,7.588356151837752,7.588356151837752,57.58675920391637,64,1600,8,51200,1.0,61.458333333333336,1.0,7.588356151837752,0.0,6.290261159808319e-14,,
160,3,9236101,grassmann_oracle_empirical,0.3591595742517204,0.3823645655647851,0.0232049913130647,0.0913700576055223,0.0155748825760846,64,1600,8,51200,,,,,,,4.0,1.0
160,4,9236101,grassmann_corrigee_mp,0.3591595742517242,0.3039116703439504,-0.0552479039077737,0.1345173411642931,0.0299007003369014,64,1600,8,51200,1.0,61.625,1.0,0.1345173411642931,0.0,6.00590644584134e-14,,
160,4,9236101,grassmann_naive_rang_naif,0.3591595742517242,7.98531486839056,7.626155294138835,7.626155294138835,58.1644696153068,64,1600,8,51200,1.0,61.625,1.0,7.626155294138835,0.0,6.00590644584134e-14,,
160,4,9236101,grassmann_oracle_empirical,0.3591595742517204,0.3409043112769723,-0.0182552629747481,0.0943136010107057,0.0138991339820072,64,1600,8,51200,,,,,,,4.0,1.0
160,5,9236101,grassmann_corrigee_mp,0.3591595742517242,0.3420017012394964,-0.0171578730122277,0.0707490789090611,0.0110264404296155,64,1600,8,51200,1.0,61.875,1.0,0.0707490789090611,0.0,1.0125723379977637e-13,,
160,5,9236101,grassmann_naive_rang_naif,0.3591595742517242,8.001135252416134,7.641975678164409,7.641975678164409,58.40638507447958,64,1600,8,51200,1.0,61.875,1.0,7.641975678164409,0.0,1.0125723379977637e-13,,
160,5,9236101,grassmann_oracle_empirical,0.3591595742517204,0.3715057935332879,0.0123462192815675,0.0712777819293428,0.0086826439451744,64,1600,8,51200,,,,,,,4.0,1.0
160,6,9236101,grassmann_corrigee_mp,0.3591595742517242,0.4023896632716059,0.0432300890198817,0.1520824809876599,0.1035350726611697,64,1600,8,51200,0.9583333333333334,61.75,0.9375,0.0814455266365331,0.0625,5.996174225298366e-14,,
160,6,9236101,grassmann_naive_rang_naif,0.3591595742517242,7.961914300918579,7.602754726666854,7.602754726666854,57.80901624354567,64,1600,8,51200,0.9583333333333334,61.75,0.9375,7.600387325543806,0.0625,5.996174225298366e-14,,
160,6,9236101,grassmann_oracle_empirical,0.3591595742517204,0.3483217263128608,-0.0108378479388595,0.0909970921823957,0.0142221293315905,64,1600,8,51200,,,,,,,4.0,1.0
160,7,9236101,grassmann_corrigee_mp,0.3591595742517242,0.3538525708718225,-0.0053070033799016,0.0746615306495159,0.0089514501768437,64,1600,8,51200,1.0,61.583333333333336,1.0,0.0746615306495159,0.0,6.57414026747973e-14,,
160,7,9236101,grassmann_naive_rang_naif,0.3591595742517242,7.968271777033806,7.609112202782081,7.609112202782081,57.90515485282154,64,1600,8,51200,1.0,61.583333333333336,1.0,7.609112202782081,0.0,6.57414026747973e-14,,
160,7,9236101,grassmann_oracle_empirical,0.3591595742517204,0.3972955774515867,0.0381360031998663,0.099372350007372,0.0160501843391361,64,1600,8,51200,,,,,,,4.0,1.0
160,8,9236101,grassmann_corrigee_mp,0.3591595742517242,0.3521022270433604,-0.0070573472083637,0.1022758357522351,0.0184793924432586,64,1600,8,51200,1.0,61.54166666666666,1.0,0.1022758357522351,0.0,8.581460815304817e-14,,
160,8,9236101,grassmann_naive_rang_naif,0.3591595742517242,7.963063709437847,7.603904135186122,7.603904135186122,57.82566681260816,64,1600,8,51200,1.0,61.54166666666666,1.0,7.603904135186122,0.0,8.581460815304817e-14,,
160,8,9236101,grassmann_oracle_empirical,0.3591595742517204,0.4022001905832439,0.0430406163315235,0.09498713969832,0.0145766920932391,64,1600,8,51200,,,,,,,4.0,1.0
160,9,9236101,grassmann_corrigee_mp,0.3591595742517242,0.3723126240074634,0.0131530497557392,0.075383800473391,0.0087319200602031,64,1600,8,51200,1.0,61.625,1.0,0.075383800473391,0.0,6.171551527322059e-14,,
160,9,9236101,grassmann_naive_rang_naif,0.3591595742517242,8.012944884598255,7.65378531034653,7.65378531034653,58.58909082948867,64,1600,8,51200,1.0,61.625,1.0,7.65378531034653,0.0,6.171551527322059e-14,,
160,9,9236101,grassmann_oracle_empirical,0.3591595742517204,0.3731527008349076,0.0139931265831871,0.0845236119664959,0.0119235272488652,64,1600,8,51200,,,,,,,4.0,1.0
160,10,9236101,grassmann_corrigee_mp,0.3591595742517242,0.3204037875402719,-0.0387557867114523,0.0907566434154542,0.0138336297194195,64,1600,8,51200,1.0,61.75,1.0,0.0907566434154542,0.0,6.483311549534483e-14,,
160,10,9236101,grassmann_naive_rang_naif,0.3591595742517242,7.968337185680866,7.609177611429141,7.609177611429141,57.90768122977703,64,1600,8,51200,1.0,61.75,1.0,7.609177611429141,0.0,6.483311549534483e-14,,
160,10,9236101,grassmann_oracle_empirical,0.3591595742517204,0.332144305226393,-0.0270152690253273,0.0825100503121625,0.0106647606693405,64,1600,8,51200,,,,,,,4.0,1.0
160,11,9236101,grassmann_corrigee_mp,0.3591595742517242,0.286822120542638,-0.0723374537090861,0.1110568924448836,0.0228625328295008,64,1600,8,51200,1.0,61.625,1.0,0.1110568924448836,0.0,5.786047669742599e-14,,
160,11,9236101,grassmann_naive_rang_naif,0.3591595742517242,7.97406429797411,7.614904723722384,7.614904723722384,57.99362897845244,64,1600,8,51200,1.0,61.625,1.0,7.614904723722384,0.0,5.786047669742599e-14,,
160,11,9236101,grassmann_oracle_empirical,0.3591595742517204,0.3166498036589473,-0.042509770592773,0.0958952697058129,0.016461831517253,64,1600,8,51200,,,,,,,4.0,1.0
160,12,9236101,grassmann_corrigee_mp,0.3591595742517242,0.3825690222438425,0.0234094479921183,0.1051866604458486,0.0169665150347316,64,1600,8,51200,1.0,61.54166666666666,1.0,0.1051866604458486,0.0,6.179728645198406e-14,,
160,12,9236101,grassmann_naive_rang_naif,0.3591595742517242,7.989195413887501,7.630035839635775,7.630035839635775,58.22392905393069,64,1600,8,51200,1.0,61.54166666666666,1.0,7.630035839635775,0.0,6.179728645198406e-14,,
160,12,9236101,grassmann_oracle_empirical,0.3591595742517204,0.3851571474224329,0.0259975731707124,0.1085327229546136,0.0175961324387759,64,1600,8,51200,,,,,,,4.0,1.0
160,13,9236101,grassmann_corrigee_mp,0.3591595742517242,0.3093793111038394,-0.0497802631478847,0.1226074869522094,0.0292036759495836,64,1600,8,51200,1.0,61.54166666666666,1.0,0.1226074869522094,0.0,1.414686567914968e-13,,
160,13,9236101,grassmann_naive_rang_naif,0.3591595742517242,7.960864171385765,7.60170459713404,7.60170459713404,57.79178909022153,64,1600,8,51200,1.0,61.54166666666666,1.0,7.60170459713404,0.0,1.414686567914968e-13,,
160,13,9236101,grassmann_oracle_empirical,0.3591595742517204,0.3310833402210846,-0.0280762340306357,0.1002270815873114,0.0172548258346334,64,1600,8,51200,,,,,,,4.0,1.0
160,14,9236101,grassmann_corrigee_mp,0.3591595742517242,0.2580509933177382,-0.101108580933986,0.18671169814621,0.0509016101005435,64,1600,8,51200,1.0,61.5,1.0,0.18671169814621,0.0,5.75765538561299e-14,,
160,14,9236101,grassmann_naive_rang_naif,0.3591595742517242,7.973333068192005,7.61417349394028,7.61417349394028,57.98334432837928,64,1600,8,51200,1.0,61.5,1.0,7.61417349394028,0.0,5.75765538561299e-14,,
160,14,9236101,grassmann_oracle_empirical,0.3591595742517204,0.3235278942156583,-0.0356316800360621,0.1284129748079117,0.0279901740452349,64,1600,8,51200,,,,,,,4.0,1.0
160,15,9236101,grassmann_corrigee_mp,0.3591595742517242,0.3370086093491409,-0.0221509649025832,0.1112989983864667,0.0227985161773342,64,1600,8,51200,1.0,61.5,1.0,0.1112989983864667,0.0,5.961157978994404e-14,,
160,15,9236101,grassmann_naive_rang_naif,0.3591595742517242,7.981031604111195,7.621872029859469,7.621872029859469,58.09831005114107,64,1600,8,51200,1.0,61.5,1.0,7.621872029859469,0.0,5.961157978994404e-14,,
160,15,9236101,grassmann_oracle_empirical,0.3591595742517204,0.3507425606949255,-0.0084170135567949,0.1065177498913651,0.0195164148287356,64,1600,8,51200,,,,,,,4.0,1.0
160,16,9236101,grassmann_corrigee_mp,0.3591595742517242,0.4014026031363755,0.0422430288846513,0.147548027622413,0.1022522998495116,64,1600,8,51200,0.9583333333333334,61.875,0.9375,0.0766087763802697,0.0625,5.788583022390013e-14,,
160,16,9236101,grassmann_naive_rang_naif,0.3591595742517242,7.979641117155552,7.620481542903827,7.620481542903827,58.077268639547086,64,1600,8,51200,0.9583333333333334,61.875,0.9375,7.618546357411787,0.0625,5.788583022390013e-14,,
160,16,9236101,grassmann_oracle_empirical,0.3591595742517204,0.2729510327917523,-0.086208541459968,0.1254646976914221,0.0259599688769352,64,1600,8,51200,,,,,,,4.0,1.0
160,17,9236101,grassmann_corrigee_mp,0.3591595742517242,0.2727257400983944,-0.0864338341533297,0.12819693473568,0.0280277973030476,64,1600,8,51200,1.0,61.583333333333336,1.0,0.12819693473568,0.0,5.833571022661035e-14,,
160,17,9236101,grassmann_naive_rang_naif,0.3591595742517242,7.994803830981255,7.635644256729529,7.635644256729529,58.30955883668021,64,1600,8,51200,1.0,61.583333333333336,1.0,7.635644256729529,0.0,5.833571022661035e-14,,
160,17,9236101,grassmann_oracle_empirical,0.3591595742517204,0.3257879567099735,-0.0333716175417468,0.1095655091445691,0.0189436057080532,64,1600,8,51200,,,,,,,4.0,1.0
160,18,9236101,grassmann_corrigee_mp,0.3591595742517242,0.4207086444366723,0.0615490701849481,0.1812048505737976,0.1110349730512313,64,1600,8,51200,0.9583333333333334,61.5,0.9375,0.1125093875284132,0.0625,5.872224438610445e-14,,
160,18,9236101,grassmann_naive_rang_naif,0.3591595742517242,7.999883763492107,7.640724189240382,7.640724189240382,58.38864948273131,64,1600,8,51200,0.9583333333333334,61.5,0.9375,7.637688142715538,0.0625,5.872224438610445e-14,,
160,18,9236101,grassmann_oracle_empirical,0.3591595742517204,0.3845642972737551,0.0254047230220346,0.1007599127160991,0.0163983516952035,64,1600,8,51200,,,,,,,4.0,1.0
160,19,9236101,grassmann_corrigee_mp,0.3591595742517242,0.2960281371488236,-0.0631314371029005,0.118223609069501,0.0252423716315076,64,1600,8,51200,1.0,61.333333333333336,1.0,0.118223609069501,0.0,7.0494282138952e-14,,
160,19,9236101,grassmann_naive_rang_naif,0.3591595742517242,7.977887719869614,7.618728145617888,7.618728145617888,58.05217272499692,64,1600,8,51200,1.0,61.333333333333336,1.0,7.618728145617888,0.0,7.0494282138952e-14,,
160,19,9236101,grassmann_oracle_empirical,0.3591595742517204,0.2904004009906202,-0.0687591732611001,0.1058812615336288,0.0200927543273429,64,1600,8,51200,,,,,,,4.0,1.0
192,0,9236101,grassmann_corrigee_mp,0.3591143951297091,0.3430614076140854,-0.0160529875156237,0.0867290271239148,0.0146224134174944,72,1920,9,69120,1.0,74.88461538461539,1.0,0.0867290271239148,0.0,7.448443603564005e-14,,
192,0,9236101,grassmann_naive_rang_naif,0.3591143951297091,8.725486834843954,8.366372439714246,8.366372439714246,70.00093047298304,72,1920,9,69120,1.0,74.88461538461539,1.0,8.366372439714246,0.0,7.448443603564005e-14,,
192,0,9236101,grassmann_oracle_empirical,0.3591143951297117,0.3393364762887358,-0.0197779188409758,0.0910513220795344,0.0133428879954321,72,1920,9,69120,,,,,,,4.0,1.0
192,1,9236101,grassmann_corrigee_mp,0.3591143951297091,0.3567218156531453,-0.0023925794765638,0.1002765855648451,0.0157638094526965,72,1920,9,69120,1.0,74.76923076923077,1.0,0.1002765855648451,0.0,9.483981130886285e-14,,
192,1,9236101,grassmann_naive_rang_naif,0.3591143951297091,8.718838188383314,8.359723793253606,8.359723793253606,69.88907130566919,72,1920,9,69120,1.0,74.76923076923077,1.0,8.359723793253606,0.0,9.483981130886285e-14,,
192,1,9236101,grassmann_oracle_empirical,0.3591143951297117,0.371460381274422,0.0123459861447102,0.0908484073910405,0.0123431650493451,72,1920,9,69120,,,,,,,4.0,1.0
192,2,9236101,grassmann_corrigee_mp,0.3591143951297091,0.37421140830136,0.0150970131716509,0.0854339482116943,0.0113519224695065,72,1920,9,69120,1.0,74.84615384615384,1.0,0.0854339482116943,0.0,6.635175797815634e-14,,
192,2,9236101,grassmann_naive_rang_naif,0.3591143951297091,8.739488641421,8.380374246291291,8.380374246291291,70.23615381022978,72,1920,9,69120,1.0,74.84615384615384,1.0,8.380374246291291,0.0,6.635175797815634e-14,,
192,2,9236101,grassmann_oracle_empirical,0.3591143951297117,0.3539618588984012,-0.0051525362313104,0.0896124529341856,0.0133369885622034,72,1920,9,69120,,,,,,,4.0,1.0
192,3,9236101,grassmann_corrigee_mp,0.3591143951297091,0.3048765256793962,-0.0542378694503129,0.1466920437797959,0.0318291080691407,72,1920,9,69120,1.0,74.84615384615384,1.0,0.1466920437797959,0.0,8.437672698531371e-14,,
192,3,9236101,grassmann_naive_rang_naif,0.3591143951297091,8.759827309184605,8.400712914054896,8.400712914054896,70.57829409335949,72,1920,9,69120,1.0,74.84615384615384,1.0,8.400712914054896,0.0,8.437672698531371e-14,,
192,3,9236101,grassmann_oracle_empirical,0.3591143951297117,0.3733913326222036,0.0142769374924918,0.1035412291813176,0.0160180041360792,72,1920,9,69120,,,,,,,4.0,1.0
192,4,9236101,grassmann_corrigee_mp,0.3591143951297091,0.2454960879662798,-0.1136183071634292,0.1492262271471464,0.0352890569885234,72,1920,9,69120,1.0,74.96153846153847,1.0,0.1492262271471464,0.0,1.1713625285190004e-13,,
192,4,9236101,grassmann_naive_rang_naif,0.3591143951297091,8.75252123673757,8.393406841607861,8.393406841607861,70.45436078320101,72,1920,9,69120,1.0,74.96153846153847,1.0,8.393406841607861,0.0,1.1713625285190004e-13,,
192,4,9236101,grassmann_oracle_empirical,0.3591143951297117,0.2798305473600824,-0.0792838477696292,0.1414558190337554,0.0319223667216624,72,1920,9,69120,,,,,,,4.0,1.0
192,5,9236101,grassmann_corrigee_mp,0.3591143951297091,0.3658542324685388,0.0067398373388296,0.0665251181691837,0.0072473460119373,72,1920,9,69120,1.0,74.84615384615384,1.0,0.0665251181691837,0.0,8.132325920212864e-14,,
192,5,9236101,grassmann_naive_rang_naif,0.3591143951297091,8.7290391392178,8.369924744088092,8.369924744088092,70.06164169285901,72,1920,9,69120,1.0,74.84615384615384,1.0,8.369924744088092,0.0,8.132325920212864e-14,,
192,5,9236101,grassmann_oracle_empirical,0.3591143951297117,0.3451412249770429,-0.0139731701526687,0.0871877256794117,0.0140360862491117,72,1920,9,69120,,,,,,,4.0,1.0
192,6,9236101,grassmann_corrigee_mp,0.3591143951297091,0.32620660495013,-0.0329077901795791,0.086082878072563,0.0139165397092456,72,1920,9,69120,1.0,74.92307692307692,1.0,0.086082878072563,0.0,6.782419054662287e-14,,
192,6,9236101,grassmann_naive_rang_naif,0.3591143951297091,8.747592515415615,8.388478120285907,8.388478120285907,70.37218217448822,72,1920,9,69120,1.0,74.92307692307692,1.0,8.388478120285907,0.0,6.782419054662287e-14,,
192,6,9236101,grassmann_oracle_empirical,0.3591143951297117,0.3541050814092159,-0.0050093137204957,0.0859897593283016,0.0125218685680981,72,1920,9,69120,,,,,,,4.0,1.0
192,7,9236101,grassmann_corrigee_mp,0.3591143951297091,0.2974249645291517,-0.0616894306005574,0.115982908218896,0.0239444207738941,72,1920,9,69120,1.0,74.6923076923077,1.0,0.115982908218896,0.0,6.70504049775113e-14,,
192,7,9236101,grassmann_naive_rang_naif,0.3591143951297091,8.746342486805386,8.387228091675677,8.387228091675677,70.3510738715152,72,1920,9,69120,1.0,74.6923076923077,1.0,8.387228091675677,0.0,6.70504049775113e-14,,
192,7,9236101,grassmann_oracle_empirical,0.3591143951297117,0.2963768486968345,-0.0627375464328772,0.1110199752693452,0.0232119252947788,72,1920,9,69120,,,,,,,4.0,1.0
192,8,9236101,grassmann_corrigee_mp,0.3591143951297091,0.2103923031180683,-0.1487220920116408,0.1597139927437528,0.0393722880816133,72,1920,9,69120,1.0,75.03846153846153,1.0,0.1597139927437528,0.0,1.1115535722860377e-13,,
192,8,9236101,grassmann_naive_rang_naif,0.3591143951297091,8.748154640197754,8.389040245068045,8.389040245068045,70.38278323745678,72,1920,9,69120,1.0,75.03846153846153,1.0,8.389040245068045,0.0,1.1115535722860377e-13,,
192,8,9236101,grassmann_oracle_empirical,0.3591143951297117,0.2993336539301607,-0.0597807411995509,0.1098906816439591,0.0207390263571593,72,1920,9,69120,,,,,,,4.0,1.0
192,9,9236101,grassmann_corrigee_mp,0.3591143951297091,0.3620501456575261,0.0029357505278169,0.0892868347505752,0.0116831244855531,72,1920,9,69120,1.0,74.61538461538461,1.0,0.0892868347505752,0.0,6.689501992201452e-14,,
192,9,9236101,grassmann_naive_rang_naif,0.3591143951297091,8.75400467713674,8.394890282007031,8.394890282007031,70.47855308796635,72,1920,9,69120,1.0,74.61538461538461,1.0,8.394890282007031,0.0,6.689501992201452e-14,,
192,9,9236101,grassmann_oracle_empirical,0.3591143951297117,0.3837340375822451,0.0246196424525334,0.105661740373732,0.0149328196983772,72,1920,9,69120,,,,,,,4.0,1.0
192,10,9236101,grassmann_corrigee_mp,0.3591143951297091,0.3259727287416656,-0.0331416663880434,0.0704062134340468,0.0091811243069665,72,1920,9,69120,1.0,74.84615384615384,1.0,0.0704062134340468,0.0,7.966645075346614e-14,,
192,10,9236101,grassmann_naive_rang_naif,0.3591143951297091,8.731295651859707,8.372181256729998,8.372181256729998,70.09792343979231,72,1920,9,69120,1.0,74.84615384615384,1.0,8.372181256729998,0.0,7.966645075346614e-14,,
192,10,9236101,grassmann_oracle_empirical,0.3591143951297117,0.2825064530285696,-0.0766079421011421,0.1052609291643861,0.0195521028482757,72,1920,9,69120,,,,,,,4.0,1.0
192,11,9236101,grassmann_corrigee_mp,0.3591143951297091,0.341162484139204,-0.0179519109905051,0.0770674722542405,0.0092632365300078,72,1920,9,69120,1.0,74.61538461538461,1.0,0.0770674722542405,0.0,7.787579784303468e-14,,
192,11,9236101,grassmann_naive_rang_naif,0.3591143951297091,8.730205125278896,8.371090730149188,8.371090730149188,70.07984863855242,72,1920,9,69120,1.0,74.61538461538461,1.0,8.371090730149188,0.0,7.787579784303468e-14,,
192,11,9236101,grassmann_oracle_empirical,0.3591143951297117,0.319809473093806,-0.0393049220359056,0.0969132203686999,0.0159238688888889,72,1920,9,69120,,,,,,,4.0,1.0
192,12,9236101,grassmann_corrigee_mp,0.3591143951297091,0.38401925832861,0.0249048631989008,0.0931889780974971,0.0145796140942899,72,1920,9,69120,1.0,75.0,1.0,0.0931889780974971,0.0,6.772564386437058e-14,,
192,12,9236101,grassmann_naive_rang_naif,0.3591143951297091,8.747945772276985,8.388831377147277,8.388831377147277,70.3772493280825,72,1920,9,69120,1.0,75.0,1.0,8.388831377147277,0.0,6.772564386437058e-14,,
192,12,9236101,grassmann_oracle_empirical,0.3591143951297117,0.3821366351718704,0.0230222400421586,0.1124175660774008,0.0197374269685898,72,1920,9,69120,,,,,,,4.0,1.0
192,13,9236101,grassmann_corrigee_mp,0.3591143951297091,0.3679476874983973,0.0088332923686881,0.0649435402072059,0.0070688409590242,72,1920,9,69120,1.0,75.11538461538461,1.0,0.0649435402072059,0.0,1.2209962895435064e-13,,
192,13,9236101,grassmann_naive_rang_naif,0.3591143951297091,8.770257790883383,8.411143395753674,8.411143395753674,70.75439349549441,72,1920,9,69120,1.0,75.11538461538461,1.0,8.411143395753674,0.0,1.2209962895435064e-13,,
192,13,9236101,grassmann_oracle_empirical,0.3591143951297117,0.3637592110575901,0.0046448159278783,0.0669120972042213,0.007001117240789,72,1920,9,69120,,,,,,,4.0,1.0
192,14,9236101,grassmann_corrigee_mp,0.3591143951297091,0.2998989503830671,-0.059215444746642,0.1410910872615093,0.0340964932764107,72,1920,9,69120,1.0,74.57692307692308,1.0,0.1410910872615093,0.0,6.63900713158151e-14,,
192,14,9236101,grassmann_naive_rang_naif,0.3591143951297091,8.764540049764845,8.405425654635136,8.405425654635136,70.65584417612205,72,1920,9,69120,1.0,74.57692307692308,1.0,8.405425654635136,0.0,6.63900713158151e-14,,
192,14,9236101,grassmann_oracle_empirical,0.3591143951297117,0.3173177558411326,-0.041796639288579,0.1285181176140154,0.0254318986182172,72,1920,9,69120,,,,,,,4.0,1.0
192,15,9236101,grassmann_corrigee_mp,0.3591143951297091,0.3169282252589862,-0.042186169870723,0.0861879660530278,0.0160153157985893,72,1920,9,69120,1.0,74.53846153846153,1.0,0.0861879660530278,0.0,6.97209672603682e-14,,
192,15,9236101,grassmann_naive_rang_naif,0.3591143951297091,8.743917094336616,8.384802699206908,8.384802699206908,70.30938500559779,72,1920,9,69120,1.0,74.53846153846153,1.0,8.384802699206908,0.0,6.97209672603682e-14,,
192,15,9236101,grassmann_oracle_empirical,0.3591143951297117,0.3414056663815346,-0.0177087287481771,0.0790636360889464,0.011436644354855,72,1920,9,69120,,,,,,,4.0,1.0
192,16,9236101,grassmann_corrigee_mp,0.3591143951297091,0.3454079758375883,-0.0137064192921208,0.0789818322479716,0.0114851503056799,72,1920,9,69120,1.0,74.8076923076923,1.0,0.0789818322479716,0.0,7.177170896794715e-14,,
192,16,9236101,grassmann_naive_rang_naif,0.3591143951297091,8.717822008662754,8.358707613533046,8.358707613533046,69.87210771103943,72,1920,9,69120,1.0,74.8076923076923,1.0,8.358707613533046,0.0,7.177170896794715e-14,,
192,16,9236101,grassmann_oracle_empirical,0.3591143951297117,0.3423607721924782,-0.0167536229372335,0.0770430185781619,0.010237945796453,72,1920,9,69120,,,,,,,4.0,1.0
192,17,9236101,grassmann_corrigee_mp,0.3591143951297091,0.278052258098291,-0.0810621370314181,0.1349609433222187,0.0317990288462012,72,1920,9,69120,1.0,74.8076923076923,1.0,0.1349609433222187,0.0,7.137649560352788e-14,,
192,17,9236101,grassmann_naive_rang_naif,0.3591143951297091,8.741909066836039,8.38279467170633,8.38279467170633,70.27735533263187,72,1920,9,69120,1.0,74.8076923076923,1.0,8.38279467170633,0.0,7.137649560352788e-14,,
192,17,9236101,grassmann_oracle_empirical,0.3591143951297117,0.3245688919366027,-0.034545503193109,0.0942781933078533,0.0187702327729755,72,1920,9,69120,,,,,,,4.0,1.0
192,18,9236101,grassmann_corrigee_mp,0.3591143951297091,0.3244938957634278,-0.0346204993662813,0.1036533954657423,0.0194287152701628,72,1920,9,69120,1.0,74.53846153846153,1.0,0.1036533954657423,0.0,6.915757020319738e-14,,
192,18,9236101,grassmann_naive_rang_naif,0.3591143951297091,8.745154129134285,8.386039734004576,8.386039734004576,70.33049771012435,72,1920,9,69120,1.0,74.53846153846153,1.0,8.386039734004576,0.0,6.915757020319738e-14,,
192,18,9236101,grassmann_oracle_empirical,0.3591143951297117,0.3243828664223353,-0.0347315287073764,0.111004213206307,0.0189164663681767,72,1920,9,69120,,,,,,,4.0,1.0
192,19,9236101,grassmann_corrigee_mp,0.3591143951297091,0.3441671628194551,-0.014947232310254,0.1070460821435643,0.0199683880945088,72,1920,9,69120,1.0,74.6923076923077,1.0,0.1070460821435643,0.0,7.620268471503842e-14,,
192,19,9236101,grassmann_naive_rang_naif,0.3591143951297091,8.735803233252632,8.376688838122924,8.376688838122924,70.17253481825577,72,1920,9,69120,1.0,74.6923076923077,1.0,8.376688838122924,0.0,7.620268471503842e-14,,
192,19,9236101,grassmann_oracle_empirical,0.3591143951297117,0.3461675070640113,-0.0129468880657003,0.0977571269290314,0.0147106437269784,72,1920,9,69120,,,,,,,4.0,1.0
224,0,9236101,grassmann_corrigee_mp,0.3590870305651485,0.3311525784018967,-0.0279344521632518,0.1074128551228834,0.0199623672834505,72,2240,9,80640,1.0,88.26923076923077,1.0,0.1074128551228834,0.0,7.94440753811367e-14,,
224,0,9236101,grassmann_naive_rang_naif,0.3590870305651485,9.456722312503391,9.097635281938242,9.097635281938242,82.77166303702928,72,2240,9,80640,1.0,88.26923076923077,1.0,9.097635281938242,0.0,7.94440753811367e-14,,
224,0,9236101,grassmann_oracle_empirical,0.3590870305651485,0.3598267763025231,0.0007397457373745,0.0983799084613884,0.016732586356481,72,2240,9,80640,,,,,,,4.0,1.0
224,1,9236101,grassmann_corrigee_mp,0.3590870305651485,0.3458554520168238,-0.0132315785483246,0.0984964202909661,0.0161322315567299,72,2240,9,80640,1.0,88.34615384615384,1.0,0.0984964202909661,0.0,7.148519416140599e-14,,
224,1,9236101,grassmann_naive_rang_naif,0.3590870305651485,9.457275946935018,9.09818891636987,9.09818891636987,82.78248824455679,72,2240,9,80640,1.0,88.34615384615384,1.0,9.09818891636987,0.0,7.148519416140599e-14,,
224,1,9236101,grassmann_oracle_empirical,0.3590870305651485,0.3736198151277171,0.0145327845625686,0.0901385841324581,0.0130540354766252,72,2240,9,80640,,,,,,,4.0,1.0
224,2,9236101,grassmann_corrigee_mp,0.3590870305651485,0.3394793434482481,-0.0196076871169003,0.090735955970304,0.016101185648296,72,2240,9,80640,1.0,88.03846153846153,1.0,0.090735955970304,0.0,1.212785354556003e-13,,
224,2,9236101,grassmann_naive_rang_naif,0.3590870305651485,9.439105894830492,9.080018864265345,9.080018864265345,82.45081058391187,72,2240,9,80640,1.0,88.03846153846153,1.0,9.080018864265345,0.0,1.212785354556003e-13,,
224,2,9236101,grassmann_oracle_empirical,0.3590870305651485,0.3623119835845298,0.0032249530193813,0.0850656227746435,0.0113193712780633,72,2240,9,80640,,,,,,,4.0,1.0
224,3,9236101,grassmann_corrigee_mp,0.3590870305651485,0.3879602429353528,0.0288732123702043,0.0771389122319529,0.0092048072421477,72,2240,9,80640,1.0,88.5,1.0,0.0771389122319529,0.0,7.614827853248842e-14,,
224,3,9236101,grassmann_naive_rang_naif,0.3590870305651485,9.451890918943617,9.092803888378468,9.092803888378468,82.68329330065515,72,2240,9,80640,1.0,88.5,1.0,9.092803888378468,0.0,7.614827853248842e-14,,
224,3,9236101,grassmann_oracle_empirical,0.3590870305651485,0.3727443593864639,0.0136573288213154,0.0675176808257717,0.007127118853148,72,2240,9,80640,,,,,,,4.0,1.0
224,4,9236101,grassmann_corrigee_mp,0.3590870305651485,0.3549520673954652,-0.0041349631696832,0.0773207296444302,0.008923735888589,72,2240,9,80640,1.0,88.03846153846153,1.0,0.0773207296444302,0.0,7.34541257462971e-14,,
224,4,9236101,grassmann_naive_rang_naif,0.3590870305651485,9.450590597258676,9.091503566693524,9.091503566693524,82.65901403174178,72,2240,9,80640,1.0,88.03846153846153,1.0,9.091503566693524,0.0,7.34541257462971e-14,,
224,4,9236101,grassmann_oracle_empirical,0.3590870305651485,0.3738599330600765,0.0147729024949279,0.068408701118958,0.0069431745007209,72,2240,9,80640,,,,,,,4.0,1.0
224,5,9236101,grassmann_corrigee_mp,0.3590870305651485,0.3610722963801688,0.0019852658150203,0.081997258367123,0.0129625061178347,72,2240,9,80640,1.0,88.3076923076923,1.0,0.081997258367123,0.0,7.395979237234307e-14,,
224,5,9236101,grassmann_naive_rang_naif,0.3590870305651485,9.463174435827469,9.104087405262318,9.104087405262318,82.88824670608085,72,2240,9,80640,1.0,88.3076923076923,1.0,9.104087405262318,0.0,7.395979237234307e-14,,
224,5,9236101,grassmann_oracle_empirical,0.3590870305651485,0.3681011691482531,0.0090141385831045,0.0683303557163303,0.0072781788790037,72,2240,9,80640,,,,,,,4.0,1.0
224,6,9236101,grassmann_corrigee_mp,0.3590870305651485,0.3832096122205257,0.0241225816553772,0.0814144246782341,0.0103726702567066,72,2240,9,80640,1.0,88.26923076923077,1.0,0.0814144246782341,0.0,8.938638438418982e-14,,
224,6,9236101,grassmann_naive_rang_naif,0.3590870305651485,9.432366715537178,9.073279684972029,9.073279684972029,82.32835689940134,72,2240,9,80640,1.0,88.26923076923077,1.0,9.073279684972029,0.0,8.938638438418982e-14,,
224,6,9236101,grassmann_oracle_empirical,0.3590870305651485,0.3503259781023694,-0.008761052462779,0.0907364074458014,0.0138883330939136,72,2240,9,80640,,,,,,,4.0,1.0
224,7,9236101,grassmann_corrigee_mp,0.3590870305651485,0.3685889924979872,0.0095019619328387,0.0847566190754193,0.0126691875004701,72,2240,9,80640,1.0,88.34615384615384,1.0,0.0847566190754193,0.0,7.67807162017665e-14,,
224,7,9236101,grassmann_naive_rang_naif,0.3590870305651485,9.47597630818685,9.1168892776217,9.1168892776217,83.1240608083601,72,2240,9,80640,1.0,88.34615384615384,1.0,9.1168892776217,0.0,7.67807162017665e-14,,
224,7,9236101,grassmann_oracle_empirical,0.3590870305651485,0.3609938836759991,0.0019068531108505,0.0766040580167366,0.009966322009191,72,2240,9,80640,,,,,,,4.0,1.0
224,8,9236101,grassmann_corrigee_mp,0.3590870305651485,0.2877499821802808,-0.0713370483848677,0.117985177023644,0.0250698335556506,72,2240,9,80640,1.0,88.15384615384616,1.0,0.117985177023644,0.0,7.854686207016452e-14,,
224,8,9236101,grassmann_naive_rang_naif,0.3590870305651485,9.452198478910658,9.093111448345509,9.093111448345509,82.6881446528247,72,2240,9,80640,1.0,88.15384615384616,1.0,9.093111448345509,0.0,7.854686207016452e-14,,
224,8,9236101,grassmann_oracle_empirical,0.3590870305651485,0.3471111773202817,-0.0119758532448668,0.0847710604421474,0.0122066265649876,72,2240,9,80640,,,,,,,4.0,1.0
224,9,9236101,grassmann_corrigee_mp,0.3590870305651485,0.3035980161900322,-0.0554890143751163,0.1093117194148425,0.0202543400596815,72,2240,9,80640,1.0,88.03846153846153,1.0,0.1093117194148425,0.0,7.604097841331006e-14,,
224,9,9236101,grassmann_naive_rang_naif,0.3590870305651485,9.476641694704693,9.117554664139542,9.117554664139542,83.13745449664003,72,2240,9,80640,1.0,88.03846153846153,1.0,9.117554664139542,0.0,7.604097841331006e-14,,
224,9,9236101,grassmann_oracle_empirical,0.3590870305651485,0.3278989106830623,-0.0311881198820861,0.0952086480894202,0.0155448925162683,72,2240,9,80640,,,,,,,4.0,1.0
224,10,9236101,grassmann_corrigee_mp,0.3590870305651485,0.3145132038431863,-0.0445738267219622,0.1108105408110888,0.0198162634593052,72,2240,9,80640,1.0,87.76923076923077,1.0,0.1108105408110888,0.0,7.570664856428336e-14,,
224,10,9236101,grassmann_naive_rang_naif,0.3590870305651485,9.45639157295227,9.09730454238712,9.09730454238712,82.76528400210485,72,2240,9,80640,1.0,87.76923076923077,1.0,9.09730454238712,0.0,7.570664856428336e-14,,
224,10,9236101,grassmann_oracle_empirical,0.3590870305651485,0.3171850677657251,-0.0419019627994233,0.1076152808811989,0.0187710930445777,72,2240,9,80640,,,,,,,4.0,1.0
224,11,9236101,grassmann_corrigee_mp,0.3590870305651485,0.3237871585620774,-0.035299872003071,0.0900320927668457,0.0150368130802442,72,2240,9,80640,1.0,87.96153846153847,1.0,0.0900320927668457,0.0,8.412145728267834e-14,,
224,11,9236101,grassmann_naive_rang_naif,0.3590870305651485,9.4617280960083,9.102641065443152,9.102641065443152,82.86215500533129,72,2240,9,80640,1.0,87.96153846153847,1.0,9.102641065443152,0.0,8.412145728267834e-14,,
224,11,9236101,grassmann_oracle_empirical,0.3590870305651485,0.3015487640061312,-0.0575382665590172,0.0889393047818076,0.0144367764252189,72,2240,9,80640,,,,,,,4.0,1.0
224,12,9236101,grassmann_corrigee_mp,0.3590870305651485,0.3272787334604395,-0.0318082971047089,0.0864747830122053,0.0134798609177311,72,2240,9,80640,1.0,88.11538461538461,1.0,0.0864747830122053,0.0,1.1219460987079809e-13,,
224,12,9236101,grassmann_naive_rang_naif,0.3590870305651485,9.459233191278246,9.100146160713097,9.100146160713097,82.81656111652511,72,2240,9,80640,1.0,88.11538461538461,1.0,9.100146160713097,0.0,1.1219460987079809e-13,,
224,12,9236101,grassmann_oracle_empirical,0.3590870305651485,0.3475784846684999,-0.0115085458966486,0.0761756612829364,0.0100124416848242,72,2240,9,80640,,,,,,,4.0,1.0
224,13,9236101,grassmann_corrigee_mp,0.3590870305651485,0.3263966000328461,-0.0326904305323023,0.1076021497441498,0.0193015995714931,72,2240,9,80640,1.0,87.84615384615384,1.0,0.1076021497441498,0.0,7.15394762044293e-14,,
224,13,9236101,grassmann_naive_rang_naif,0.3590870305651485,9.446960237291124,9.087873206725977,9.087873206725977,82.59333543679526,72,2240,9,80640,1.0,87.84615384615384,1.0,9.087873206725977,0.0,7.15394762044293e-14,,
224,13,9236101,grassmann_oracle_empirical,0.3590870305651485,0.3687729847927888,0.0096859542276403,0.0953807553089819,0.0147215308573832,72,2240,9,80640,,,,,,,4.0,1.0
224,14,9236101,grassmann_corrigee_mp,0.3590870305651485,0.3181007705732352,-0.0409862599919133,0.1063861569045326,0.0214790064627359,72,2240,9,80640,1.0,88.03846153846153,1.0,0.1063861569045326,0.0,1.0724070418706568e-13,,
224,14,9236101,grassmann_naive_rang_naif,0.3590870305651485,9.472695019510056,9.113607988944908,9.113607988944908,83.06584692714517,72,2240,9,80640,1.0,88.03846153846153,1.0,9.113607988944908,0.0,1.0724070418706568e-13,,
224,14,9236101,grassmann_oracle_empirical,0.3590870305651485,0.3526887049277623,-0.0063983256373861,0.0797788936258018,0.0132753162936083,72,2240,9,80640,,,,,,,4.0,1.0
224,15,9236101,grassmann_corrigee_mp,0.3590870305651485,0.3205552593701415,-0.0385317711950069,0.0953624631741325,0.0188912592921395,72,2240,9,80640,1.0,88.07692307692308,1.0,0.0953624631741325,0.0,7.24358063945937e-14,,
224,15,9236101,grassmann_naive_rang_naif,0.3590870305651485,9.486812247170342,9.127725216605192,9.127725216605192,83.3235335937784,72,2240,9,80640,1.0,88.07692307692308,1.0,9.127725216605192,0.0,7.24358063945937e-14,,
224,15,9236101,grassmann_oracle_empirical,0.3590870305651485,0.325760298017283,-0.0333267325478654,0.1135043943881962,0.0216535027376088,72,2240,9,80640,,,,,,,4.0,1.0
224,16,9236101,grassmann_corrigee_mp,0.3590870305651485,0.3880598642345931,0.0289728336694446,0.0750436912502819,0.0087558842655236,72,2240,9,80640,1.0,88.23076923076923,1.0,0.0750436912502819,0.0,1.3927741918537416e-13,,
224,16,9236101,grassmann_naive_rang_naif,0.3590870305651485,9.451749854617647,9.0926628240525,9.0926628240525,82.68238971161084,72,2240,9,80640,1.0,88.23076923076923,1.0,9.0926628240525,0.0,1.3927741918537416e-13,,
224,16,9236101,grassmann_oracle_empirical,0.3590870305651485,0.3856133203953504,0.0265262898302019,0.071625355266728,0.0073357427965229,72,2240,9,80640,,,,,,,4.0,1.0
224,17,9236101,grassmann_corrigee_mp,0.3590870305651485,0.3213524379146595,-0.0377345926504889,0.0916706263694998,0.0156006362503206,72,2240,9,80640,1.0,87.84615384615384,1.0,0.0916706263694998,0.0,8.285154549310636e-14,,
224,17,9236101,grassmann_naive_rang_naif,0.3590870305651485,9.457545412911308,9.09845838234616,9.09845838234616,82.78699757530873,72,2240,9,80640,1.0,87.84615384615384,1.0,9.09845838234616,0.0,8.285154549310636e-14,,
224,17,9236101,grassmann_oracle_empirical,0.3590870305651485,0.3464580070641305,-0.0126290235010179,0.0758045415870689,0.0092548994102662,72,2240,9,80640,,,,,,,4.0,1.0
224,18,9236101,grassmann_corrigee_mp,0.3590870305651485,0.3477516586167944,-0.011335371948354,0.090200971276627,0.0134304544270995,72,2240,9,80640,1.0,88.11538461538461,1.0,0.090200971276627,0.0,8.433002297786164e-14,,
224,18,9236101,grassmann_naive_rang_naif,0.3590870305651485,9.466725521617466,9.107638491052317,9.107638491052317,82.95356238789299,72,2240,9,80640,1.0,88.11538461538461,1.0,9.107638491052317,0.0,8.433002297786164e-14,,
224,18,9236101,grassmann_oracle_empirical,0.3590870305651485,0.3609247147623036,0.001837684197155,0.0970901682599706,0.014612535462388,72,2240,9,80640,,,,,,,4.0,1.0
224,19,9236101,grassmann_corrigee_mp,0.3590870305651485,0.3156847391898433,-0.0434022913753051,0.0968828893543125,0.0170811503288262,72,2240,9,80640,1.0,88.1923076923077,1.0,0.0968828893543125,0.0,8.621957167301349e-14,,
224,19,9236101,grassmann_naive_rang_naif,0.3590870305651485,9.43838710255093,9.07930007198578,9.07930007198578,82.43648881058328,72,2240,9,80640,1.0,88.1923076923077,1.0,9.07930007198578,0.0,8.621957167301349e-14,,
224,19,9236101,grassmann_oracle_empirical,0.3590870305651485,0.3136274215196156,-0.0454596090455329,0.1180488772280608,0.021075939697127,72,2240,9,80640,,,,,,,4.0,1.0
256,0,9236101,grassmann_corrigee_mp,0.3590692119390609,0.3680670188739895,0.0089978069349286,0.0920098122011765,0.0128297138293089,80,2560,10,102400,1.0,101.39285714285714,1.0,0.0920098122011765,0.0,8.40684102711819e-14,,
256,0,9236101,grassmann_naive_rang_naif,0.3590692119390609,10.104458248615265,9.745389036676205,9.745389036676205,94.97693149758578,80,2560,10,102400,1.0,101.39285714285714,1.0,9.745389036676205,0.0,8.40684102711819e-14,,
256,0,9236101,grassmann_oracle_empirical,0.3590692119390653,0.3630593011621386,0.0039900892230732,0.1061480357912795,0.0174530944475291,80,2560,10,102400,,,,,,,4.0,1.0
256,1,9236101,grassmann_corrigee_mp,0.3590692119390609,0.3501194311305881,-0.0089497808084728,0.074457830443527,0.0090805629393769,80,2560,10,102400,1.0,101.46428571428572,1.0,0.074457830443527,0.0,8.453082850149345e-14,,
256,1,9236101,grassmann_naive_rang_naif,0.3590692119390609,10.123774182796478,9.76470497085742,9.76470497085742,95.35491573060094,80,2560,10,102400,1.0,101.46428571428572,1.0,9.76470497085742,0.0,8.453082850149345e-14,,
256,1,9236101,grassmann_oracle_empirical,0.3590692119390653,0.3558381801471114,-0.0032310317919539,0.0662280986085534,0.0063427829801957,80,2560,10,102400,,,,,,,4.0,1.0
256,2,9236101,grassmann_corrigee_mp,0.3590692119390609,0.3193154982756823,-0.0397537136633786,0.0792166243039176,0.0127284524633016,80,2560,10,102400,1.0,101.32142857142856,1.0,0.0792166243039176,0.0,8.425285721619035e-14,,
256,2,9236101,grassmann_naive_rang_naif,0.3590692119390609,10.0896111369133,9.73054192497424,9.73054192497424,94.68689415789706,80,2560,10,102400,1.0,101.32142857142856,1.0,9.73054192497424,0.0,8.425285721619035e-14,,
256,2,9236101,grassmann_oracle_empirical,0.3590692119390653,0.3261999696493148,-0.0328692422897504,0.0663204784499417,0.0079690199336805,80,2560,10,102400,,,,,,,4.0,1.0
256,3,9236101,grassmann_corrigee_mp,0.3590692119390609,0.3148265829309821,-0.0442426290080788,0.0874996685750309,0.013308160618793,80,2560,10,102400,1.0,101.64285714285714,1.0,0.0874996685750309,0.0,7.847391636015319e-14,,
256,3,9236101,grassmann_naive_rang_naif,0.3590692119390609,10.12524710893631,9.76617789699725,9.76617789699725,95.38209947073832,80,2560,10,102400,1.0,101.64285714285714,1.0,9.76617789699725,0.0,7.847391636015319e-14,,
256,3,9236101,grassmann_oracle_empirical,0.3590692119390653,0.3543320562690496,-0.0047371556700156,0.0714278872390135,0.0072822819722794,80,2560,10,102400,,,,,,,4.0,1.0
256,4,9236101,grassmann_corrigee_mp,0.3590692119390609,0.3855070935562253,0.0264378816171643,0.0574431204773276,0.0052931641880463,80,2560,10,102400,1.0,101.32142857142856,1.0,0.0574431204773276,0.0,8.761023756873854e-14,,
256,4,9236101,grassmann_naive_rang_naif,0.3590692119390609,10.125461554527282,9.766392342588222,9.766392342588222,95.38749891870552,80,2560,10,102400,1.0,101.32142857142856,1.0,9.766392342588222,0.0,8.761023756873854e-14,,
256,4,9236101,grassmann_oracle_empirical,0.3590692119390653,0.377705956203863,0.0186367442647976,0.0656037244350287,0.0075401915049971,80,2560,10,102400,,,,,,,4.0,1.0
256,5,9236101,grassmann_corrigee_mp,0.3590692119390609,0.3733535836450755,0.0142843717060146,0.0746255002120011,0.0097587951688483,80,2560,10,102400,1.0,101.17857142857144,1.0,0.0746255002120011,0.0,1.1311272089799341e-13,,
256,5,9236101,grassmann_naive_rang_naif,0.3590692119390609,10.092242562770844,9.733173350831784,9.733173350831784,94.73751069621794,80,2560,10,102400,1.0,101.17857142857144,1.0,9.733173350831784,0.0,1.1311272089799341e-13,,
256,5,9236101,grassmann_oracle_empirical,0.3590692119390653,0.3674523083493113,0.008383096410246,0.0828556855807475,0.0119555837793781,80,2560,10,102400,,,,,,,4.0,1.0
256,6,9236101,grassmann_corrigee_mp,0.3590692119390609,0.3510211211629211,-0.0080480907761397,0.0696152071468532,0.0081864939530205,80,2560,10,102400,1.0,101.25,1.0,0.0696152071468532,0.0,8.271990571705343e-14,,
256,6,9236101,grassmann_naive_rang_naif,0.3590692119390609,10.088591253757476,9.729522041818417,9.729522041818417,94.66690829926692,80,2560,10,102400,1.0,101.25,1.0,9.729522041818417,0.0,8.271990571705343e-14,,
256,6,9236101,grassmann_oracle_empirical,0.3590692119390653,0.3535156760364771,-0.0055535359025882,0.0818530343139938,0.0115531826241419,80,2560,10,102400,,,,,,,4.0,1.0
256,7,9236101,grassmann_corrigee_mp,0.3590692119390609,0.3460348838474602,-0.0130343280916007,0.0761457592912123,0.0089429867460896,80,2560,10,102400,1.0,101.39285714285714,1.0,0.0761457592912123,0.0,8.415442355475197e-14,,
256,7,9236101,grassmann_naive_rang_naif,0.3590692119390609,10.109093272686003,9.750024060746943,9.750024060746943,95.06795300846348,80,2560,10,102400,1.0,101.39285714285714,1.0,9.750024060746943,0.0,8.415442355475197e-14,,
256,7,9236101,grassmann_oracle_empirical,0.3590692119390653,0.3607950535602867,0.0017258416212214,0.0735953351352932,0.0086371530654408,80,2560,10,102400,,,,,,,4.0,1.0
256,8,9236101,grassmann_corrigee_mp,0.3590692119390609,0.3343762490432709,-0.0246929628957899,0.0927973144555071,0.0144598594356698,80,2560,10,102400,1.0,101.57142857142856,1.0,0.0927973144555071,0.0,8.316498421294378e-14,,
256,8,9236101,grassmann_naive_rang_naif,0.3590692119390609,10.10356706380844,9.74449785186938,9.74449785186938,94.95924344422409,80,2560,10,102400,1.0,101.57142857142856,1.0,9.74449785186938,0.0,8.316498421294378e-14,,
256,8,9236101,grassmann_oracle_empirical,0.3590692119390653,0.332077829982154,-0.0269913819569112,0.08966906331155,0.0170916294583482,80,2560,10,102400,,,,,,,4.0,1.0
256,9,9236101,grassmann_corrigee_mp,0.3590692119390609,0.3216725272126496,-0.0373966847264113,0.0891593653505483,0.0148538969186227,80,2560,10,102400,1.0,101.57142857142856,1.0,0.0891593653505483,0.0,1.4802618594349602e-13,,
256,9,9236101,grassmann_naive_rang_naif,0.3590692119390609,10.106788206100465,9.747718994161405,9.747718994161405,95.02120707372691,80,2560,10,102400,1.0,101.57142857142856,1.0,9.747718994161405,0.0,1.4802618594349602e-13,,
256,9,9236101,grassmann_oracle_empirical,0.3590692119390653,0.339131950493902,-0.0199372614451633,0.0713722647895862,0.0086567234495781,80,2560,10,102400,,,,,,,4.0,1.0
256,10,9236101,grassmann_corrigee_mp,0.3590692119390609,0.3127928143367171,-0.0462763976023438,0.0860057586866102,0.0159789591990866,80,2560,10,102400,1.0,101.39285714285714,1.0,0.0860057586866102,0.0,9.878234442118045e-14,,
256,10,9236101,grassmann_naive_rang_naif,0.3590692119390609,10.111704981327057,9.752635769387997,9.752635769387997,95.11671491697054,80,2560,10,102400,1.0,101.39285714285714,1.0,9.752635769387997,0.0,9.878234442118045e-14,,
256,10,9236101,grassmann_oracle_empirical,0.3590692119390653,0.3359182771295309,-0.0231509348095344,0.0782685222634761,0.0121674519224621,80,2560,10,102400,,,,,,,4.0,1.0
256,11,9236101,grassmann_corrigee_mp,0.3590692119390609,0.3803768983110785,0.0213076863720176,0.0569866321055298,0.0054099150965745,80,2560,10,102400,1.0,101.28571428571428,1.0,0.0569866321055298,0.0,1.0727197209653833e-13,,
256,11,9236101,grassmann_naive_rang_naif,0.3590692119390609,10.123168897628783,9.764099685689724,9.764099685689724,95.34054294609236,80,2560,10,102400,1.0,101.28571428571428,1.0,9.764099685689724,0.0,1.0727197209653833e-13,,
256,11,9236101,grassmann_oracle_empirical,0.3590692119390653,0.397169928997755,0.0381007170586897,0.0653830796418096,0.0075178564021408,80,2560,10,102400,,,,,,,4.0,1.0
256,12,9236101,grassmann_corrigee_mp,0.3590692119390609,0.3697316937148571,0.0106624817757961,0.0612753364793747,0.0057254162756365,80,2560,10,102400,1.0,101.39285714285714,1.0,0.0612753364793747,0.0,1.1547631312407394e-13,,
256,12,9236101,grassmann_naive_rang_naif,0.3590692119390609,10.151448154449463,9.792378942510403,9.792378942510403,95.89456135868198,80,2560,10,102400,1.0,101.39285714285714,1.0,9.792378942510403,0.0,1.1547631312407394e-13,,
256,12,9236101,grassmann_oracle_empirical,0.3590692119390653,0.3627323176711797,0.0036631057321144,0.0668909629276306,0.0073225986674618,80,2560,10,102400,,,,,,,4.0,1.0
256,13,9236101,grassmann_corrigee_mp,0.3590692119390609,0.4127983087673783,0.0537290968283174,0.1216453150778326,0.0795790411127217,80,2560,10,102400,0.9642857142857144,101.28571428571428,0.95,0.0642725864731277,0.05,8.898310258514338e-14,,
256,13,9236101,grassmann_naive_rang_naif,0.3590692119390609,10.148125970363616,9.789056758424556,9.789056758424556,95.82948822858654,80,2560,10,102400,0.9642857142857144,101.28571428571428,0.95,9.787691327065616,0.05,8.898310258514338e-14,,
256,13,9236101,grassmann_oracle_empirical,0.3590692119390653,0.3858331343159079,0.0267639223768426,0.0589957768035437,0.0052684184818689,80,2560,10,102400,,,,,,,4.0,1.0
256,14,9236101,grassmann_corrigee_mp,0.3590692119390609,0.3442164471372962,-0.0148527648017647,0.057096736119551,0.0049419583467773,80,2560,10,102400,1.0,101.46428571428572,1.0,0.057096736119551,0.0,9.587130310409813e-14,,
256,14,9236101,grassmann_naive_rang_naif,0.3590692119390609,10.095604467391968,9.736535255452909,9.736535255452909,94.80386730285537,80,2560,10,102400,1.0,101.46428571428572,1.0,9.736535255452909,0.0,9.587130310409813e-14,,
256,14,9236101,grassmann_oracle_empirical,0.3590692119390653,0.3824714805930853,0.0234022686540199,0.0691815921111096,0.0080980293988048,80,2560,10,102400,,,,,,,4.0,1.0
256,15,9236101,grassmann_corrigee_mp,0.3590692119390609,0.3501034669112414,-0.0089657450278195,0.0559422628223109,0.0074719061610481,80,2560,10,102400,1.0,101.46428571428572,1.0,0.0559422628223109,0.0,9.202520940133069e-14,,
256,15,9236101,grassmann_naive_rang_naif,0.3590692119390609,10.119980216026306,9.760911004087246,9.760911004087246,95.28009148853576,80,2560,10,102400,1.0,101.46428571428572,1.0,9.760911004087246,0.0,9.202520940133069e-14,,
256,15,9236101,grassmann_oracle_empirical,0.3590692119390653,0.329417035728693,-0.0296521762103723,0.0578832431357684,0.0066827795746041,80,2560,10,102400,,,,,,,4.0,1.0
256,16,9236101,grassmann_corrigee_mp,0.3590692119390609,0.3243551040068269,-0.034714107932234,0.0940435581106797,0.0158845494613605,80,2560,10,102400,1.0,101.46428571428572,1.0,0.0940435581106797,0.0,8.189619906134617e-14,,
256,16,9236101,grassmann_naive_rang_naif,0.3590692119390609,10.1242809176445,9.765211705705442,9.765211705705442,95.3633893850492,80,2560,10,102400,1.0,101.46428571428572,1.0,9.765211705705442,0.0,8.189619906134617e-14,,
256,16,9236101,grassmann_oracle_empirical,0.3590692119390653,0.3234847943298519,-0.0355844176092134,0.0879450511452599,0.0144075104030138,80,2560,10,102400,,,,,,,4.0,1.0
256,17,9236101,grassmann_corrigee_mp,0.3590692119390609,0.3530654418747872,-0.0060037700642737,0.1152817651033979,0.0214164078170685,80,2560,10,102400,1.0,101.53571428571428,1.0,0.1152817651033979,0.0,8.368254056101874e-14,,
256,17,9236101,grassmann_naive_rang_naif,0.3590692119390609,10.115326929092408,9.756257717153348,9.756257717153348,95.1893553400832,80,2560,10,102400,1.0,101.53571428571428,1.0,9.756257717153348,0.0,8.368254056101874e-14,,
256,17,9236101,grassmann_oracle_empirical,0.3590692119390653,0.3707870343700051,0.0117178224309398,0.1238356365494888,0.0244960670190575,80,2560,10,102400,,,,,,,4.0,1.0
256,18,9236101,grassmann_corrigee_mp,0.3590692119390609,0.3349679802544415,-0.0241012316846194,0.0745097452373886,0.0104728657666923,80,2560,10,102400,1.0,101.46428571428572,1.0,0.0745097452373886,0.0,1.1540534256824198e-13,,
256,18,9236101,grassmann_naive_rang_naif,0.3590692119390609,10.127310574054718,9.768241362115658,9.768241362115658,95.4228004358461,80,2560,10,102400,1.0,101.46428571428572,1.0,9.768241362115658,0.0,1.1540534256824198e-13,,
256,18,9236101,grassmann_oracle_empirical,0.3590692119390653,0.3367162759415805,-0.0223529359974847,0.080842729245284,0.0113370076979058,80,2560,10,102400,,,,,,,4.0,1.0
256,19,9236101,grassmann_corrigee_mp,0.3590692119390609,0.3578714382834732,-0.0011977736555876,0.0880883591452797,0.0142442833483169,80,2560,10,102400,1.0,101.39285714285714,1.0,0.0880883591452797,0.0,1.139839466495322e-13,,
256,19,9236101,grassmann_naive_rang_naif,0.3590692119390609,10.122949934005735,9.763880722066675,9.763880722066675,95.33691417569426,80,2560,10,102400,1.0,101.39285714285714,1.0,9.763880722066675,0.0,1.139839466495322e-13,,
256,19,9236101,grassmann_oracle_empirical,0.3590692119390653,0.3775480954907834,0.0184788835517181,0.0832826533292736,0.0118251627946883,80,2560,10,102400,,,,,,,4.0,1.0
