dataset,method,valid,n_splits,ba_mean,ba_std
capgmyo,AI_PCA,True,10,0.9121527777777778,0.0141800121720294
capgmyo,Corr_raw,True,10,0.88125,0.0258182286918494
capgmyo,Corr_white,True,10,0.9277777777777776,0.0114343416992856
capgmyo,LE_PCA,True,10,0.909027777777778,0.0118937338691343
capgmyo,Naive_raw,True,10,0.125,0.0
capgmyo,Naive_white,True,10,0.8270833333333332,0.0212660816256589
corn,AI_PCA,True,10,0.6606798245614035,0.016759800570215
corn,Corr_raw,True,10,0.4779495614035088,0.019995158848822
corn,Corr_white,True,10,0.8315899122807018,0.0136360733422569
corn,LE_PCA,True,10,0.6048355263157894,0.0191794708180411
corn,Naive_raw,True,10,0.584594298245614,0.0128537844162446
corn,Naive_white,True,10,0.5051315789473683,0.0240329711223522
flex,AI_PCA,True,10,0.9057692307692308,0.0117851130197757
flex,Corr_raw,True,10,0.8876923076923078,0.0182933938274224
flex,Corr_white,True,10,0.921923076923077,0.0150661482517155
flex,LE_PCA,True,10,0.9026923076923076,0.0202750644388942
flex,Naive_raw,True,10,0.5446153846153845,0.0445667285526501
flex,Naive_white,True,10,0.8076923076923077,0.027196414661021
hyser,AI_PCA,True,10,0.915459001782531,0.0088758014508953
hyser,Corr_raw,True,10,0.9348841354723708,0.0084080988498683
hyser,Corr_white,True,10,0.9474866310160428,0.0101851377645263
hyser,LE_PCA,True,10,0.899710338680927,0.0123710934313073
hyser,Naive_raw,True,10,0.2986497326203208,0.0131773927481904
hyser,Naive_white,True,10,0.8831238859180035,0.0072332989431984
rice,AI_PCA,True,10,0.2068421052631578,0.0253081957219134
rice,Corr_raw,True,10,0.3073684210526315,0.0303057163251777
rice,Corr_white,True,10,0.5105263157894736,0.0307893487276916
rice,LE_PCA,True,10,0.2126315789473683,0.0200338279629757
rice,Naive_raw,True,10,0.2499999999999999,0.0220871549333581
rice,Naive_white,True,10,0.4215789473684211,0.0345974520346281
wheat,AI_PCA,True,10,0.5400311859193438,0.0143254184229067
wheat,Corr_raw,True,10,0.499765037593985,0.0177809876002132
wheat,Corr_white,True,10,0.9640849282296652,0.0073347409565069
wheat,LE_PCA,True,10,0.5349645420369104,0.0138075616221957
wheat,Naive_raw,True,10,0.5832343643198906,0.0152388924633978
wheat,Naive_white,True,10,0.7014247265892003,0.0225187419511562
